20:14:02 intersecter.services.scraper - DEBUG - sucessful watchlist 0 get request for user: zoerosebryant
20:14:02 intersecter.services.scraper - DEBUG - sucessful watchlist 0 get request for user: kurstboy
20:14:02 intersecter.services.scraper - DEBUG - sucessful watchlist 1 get request for user: zoerosebryant
20:14:02 intersecter.services.scraper - DEBUG - sucessful watchlist 3 get request for user: zoerosebryant
20:14:02 intersecter.services.scraper - DEBUG - sucessful watchlist 4 get request for user: zoerosebryant
20:14:02 intersecter.services.scraper - DEBUG - sucessful watchlist 5 get request for user: zoerosebryant
20:14:02 intersecter.services.scraper - DEBUG - sucessful watchlist 2 get request for user: zoerosebryant
20:14:02 intersecter.services.scraper - DEBUG - sucessful watchlist 2 get request for user: kurstboy
20:14:02 intersecter.services.scraper - DEBUG - sucessful watchlist 1 get request for user: kurstboy
20:14:02 intersecter.services.scraper - DEBUG - sucessful watchlist 4 get request for user: kurstboy
20:14:02 intersecter.services.scraper - DEBUG - sucessful watchlist 3 get request for user: kurstboy
20:14:02 intersecter.services.scraper - DEBUG - sucessful watchlist 5 get request for user: kurstboy
20:14:02 intersecter.services.scraper - DEBUG - sucessful watchlist 6 get request for user: zoerosebryant
20:14:02 intersecter.services.scraper - DEBUG - sucessful watchlist 7 get request for user: zoerosebryant
20:14:02 intersecter.services.scraper - DEBUG - sucessful watchlist 9 get request for user: zoerosebryant
20:14:02 intersecter.services.scraper - DEBUG - sucessful watchlist 8 get request for user: zoerosebryant
20:14:02 intersecter.services.scraper - DEBUG - sucessful watchlist 10 get request for user: zoerosebryant
20:14:02 intersecter.services.scraper - DEBUG - sucessful watchlist 6 get request for user: kurstboy
20:14:02 intersecter.services.scraper - DEBUG - sucessful watchlist 8 get request for user: kurstboy
20:14:02 intersecter.services.scraper - DEBUG - sucessful watchlist 9 get request for user: kurstboy
20:14:02 intersecter.services.scraper - DEBUG - sucessful watchlist 11 get request for user: zoerosebryant
20:14:02 intersecter.services.scraper - DEBUG - sucessful watchlist 7 get request for user: kurstboy
20:14:02 intersecter.services.scraper - DEBUG - sucessful watchlist 10 get request for user: kurstboy
20:14:02 intersecter.services.scraper - DEBUG - sucessful watchlist 12 get request for user: zoerosebryant
20:14:02 intersecter.services.scraper - DEBUG - sucessful watchlist 13 get request for user: zoerosebryant
20:14:02 intersecter.services.scraper - DEBUG - sucessful watchlist 15 get request for user: zoerosebryant
20:14:02 intersecter.services.scraper - DEBUG - sucessful watchlist 11 get request for user: kurstboy
20:14:02 intersecter.services.scraper - DEBUG - sucessful watchlist 14 get request for user: zoerosebryant
20:14:02 intersecter.services.scraper - DEBUG - sucessful watchlist 12 get request for user: kurstboy
20:14:02 intersecter.services.scraper - DEBUG - sucessful watchlist 13 get request for user: kurstboy
20:14:02 intersecter.services.scraper - DEBUG - sucessful watchlist 15 get request for user: kurstboy
20:14:02 intersecter.services.scraper - DEBUG - sucessful watchlist 17 get request for user: zoerosebryant
20:14:02 intersecter.services.scraper - DEBUG - sucessful watchlist 16 get request for user: zoerosebryant
20:14:02 intersecter.services.scraper - DEBUG - sucessful watchlist 18 get request for user: zoerosebryant
20:14:02 intersecter.services.scraper - DEBUG - sucessful watchlist 14 get request for user: kurstboy
20:14:02 intersecter.services.scraper - DEBUG - sucessful watchlist 18 get request for user: kurstboy
20:14:02 intersecter.services.scraper - DEBUG - sucessful watchlist 16 get request for user: kurstboy
20:14:02 intersecter.services.scraper - DEBUG - sucessful watchlist 17 get request for user: kurstboy
20:14:02 intersecter.services.scraper - DEBUG - sucessful watchlist 20 get request for user: kurstboy
20:14:02 intersecter.services.scraper - DEBUG - sucessful watchlist 19 get request for user: kurstboy
20:14:02 intersecter.services.scraper - DEBUG - sucessful watchlist 0 get request for user: zoerosebryant
20:14:02 intersecter.services.scraper - DEBUG - sucessful watchlist 0 get request for user: kurstboy
20:14:02 intersecter.services.scraper - DEBUG - sucessful watchlist 1 get request for user: zoerosebryant
20:14:02 intersecter.services.scraper - DEBUG - sucessful watchlist 2 get request for user: kurstboy
20:14:02 intersecter.services.scraper - DEBUG - sucessful watchlist 2 get request for user: zoerosebryant
20:14:02 intersecter.services.scraper - DEBUG - sucessful watchlist 4 get request for user: kurstboy
20:14:02 intersecter.services.scraper - DEBUG - sucessful watchlist 4 get request for user: zoerosebryant
20:14:02 intersecter.services.scraper - DEBUG - sucessful watchlist 1 get request for user: kurstboy
20:14:02 intersecter.services.scraper - DEBUG - sucessful watchlist 5 get request for user: zoerosebryant
20:14:02 intersecter.services.scraper - DEBUG - sucessful watchlist 5 get request for user: kurstboy
20:14:02 intersecter.services.scraper - DEBUG - sucessful watchlist 3 get request for user: zoerosebryant
20:14:02 intersecter.services.scraper - DEBUG - sucessful watchlist 3 get request for user: kurstboy
20:14:02 intersecter.services.scraper - DEBUG - sucessful watchlist 6 get request for user: zoerosebryant
20:14:02 intersecter.services.scraper - DEBUG - sucessful watchlist 7 get request for user: zoerosebryant
20:14:02 intersecter.services.scraper - DEBUG - sucessful watchlist 7 get request for user: kurstboy
20:14:02 intersecter.services.scraper - DEBUG - sucessful watchlist 6 get request for user: kurstboy
20:14:02 intersecter.services.scraper - DEBUG - sucessful watchlist 8 get request for user: zoerosebryant
20:14:02 intersecter.services.scraper - DEBUG - sucessful watchlist 8 get request for user: kurstboy
20:14:02 intersecter.services.scraper - DEBUG - sucessful watchlist 9 get request for user: zoerosebryant
20:14:02 intersecter.services.scraper - DEBUG - sucessful watchlist 10 get request for user: kurstboy
20:14:02 intersecter.services.scraper - DEBUG - sucessful watchlist 10 get request for user: zoerosebryant
20:14:02 intersecter.services.scraper - DEBUG - sucessful watchlist 9 get request for user: kurstboy
20:14:02 intersecter.services.scraper - DEBUG - sucessful watchlist 11 get request for user: zoerosebryant
20:14:02 intersecter.services.scraper - DEBUG - sucessful watchlist 12 get request for user: zoerosebryant
20:14:02 intersecter.services.scraper - DEBUG - sucessful watchlist 12 get request for user: kurstboy
20:14:02 intersecter.services.scraper - DEBUG - sucessful watchlist 13 get request for user: zoerosebryant
20:14:02 intersecter.services.scraper - DEBUG - sucessful watchlist 14 get request for user: zoerosebryant
20:14:02 intersecter.services.scraper - DEBUG - sucessful watchlist 13 get request for user: kurstboy
20:14:02 intersecter.services.scraper - DEBUG - sucessful watchlist 14 get request for user: kurstboy
20:14:02 intersecter.services.scraper - DEBUG - sucessful watchlist 11 get request for user: kurstboy
20:14:02 intersecter.services.scraper - DEBUG - sucessful watchlist 16 get request for user: zoerosebryant
20:14:02 intersecter.services.scraper - DEBUG - sucessful watchlist 15 get request for user: zoerosebryant
20:14:02 intersecter.services.scraper - DEBUG - sucessful watchlist 16 get request for user: kurstboy
20:14:02 intersecter.services.scraper - DEBUG - sucessful watchlist 15 get request for user: kurstboy
20:14:02 intersecter.services.scraper - DEBUG - sucessful watchlist 17 get request for user: zoerosebryant
20:14:02 intersecter.services.scraper - DEBUG - sucessful watchlist 18 get request for user: zoerosebryant
20:14:02 intersecter.services.scraper - DEBUG - sucessful watchlist 17 get request for user: kurstboy
20:14:02 intersecter.services.scraper - DEBUG - sucessful watchlist 18 get request for user: kurstboy
20:14:02 intersecter.services.scraper - DEBUG - sucessful watchlist 20 get request for user: kurstboy
20:14:02 intersecter.services.scraper - DEBUG - sucessful watchlist 19 get request for user: kurstboy
20:14:02 intersecter.services.scraper - DEBUG - sucessful watchlist 0 get request for user: zoerosebryant
20:14:02 intersecter.services.scraper - DEBUG - sucessful watchlist 0 get request for user: kurstboy
20:14:02 intersecter.services.scraper - DEBUG - sucessful watchlist 2 get request for user: zoerosebryant
20:14:02 intersecter.services.scraper - DEBUG - sucessful watchlist 1 get request for user: kurstboy
20:14:02 intersecter.services.scraper - DEBUG - sucessful watchlist 3 get request for user: zoerosebryant
20:14:02 intersecter.services.scraper - DEBUG - sucessful watchlist 5 get request for user: zoerosebryant
20:14:02 intersecter.services.scraper - DEBUG - sucessful watchlist 1 get request for user: zoerosebryant
20:14:02 intersecter.services.scraper - DEBUG - sucessful watchlist 4 get request for user: zoerosebryant
20:14:02 intersecter.services.scraper - DEBUG - sucessful watchlist 3 get request for user: kurstboy
20:14:02 intersecter.services.scraper - DEBUG - sucessful watchlist 2 get request for user: kurstboy
20:14:02 intersecter.services.scraper - DEBUG - sucessful watchlist 5 get request for user: kurstboy
20:14:02 intersecter.services.scraper - DEBUG - sucessful watchlist 4 get request for user: kurstboy
20:14:02 intersecter.services.scraper - DEBUG - sucessful watchlist 6 get request for user: kurstboy
20:14:02 intersecter.services.scraper - DEBUG - sucessful watchlist 6 get request for user: zoerosebryant
20:14:02 intersecter.services.scraper - DEBUG - sucessful watchlist 7 get request for user: zoerosebryant
20:14:02 intersecter.services.scraper - DEBUG - sucessful watchlist 8 get request for user: zoerosebryant
20:14:02 intersecter.services.scraper - DEBUG - sucessful watchlist 9 get request for user: zoerosebryant
20:14:02 intersecter.services.scraper - DEBUG - sucessful watchlist 7 get request for user: kurstboy
20:14:02 intersecter.services.scraper - DEBUG - sucessful watchlist 8 get request for user: kurstboy
20:14:02 intersecter.services.scraper - DEBUG - sucessful watchlist 10 get request for user: zoerosebryant
20:14:02 intersecter.services.scraper - DEBUG - sucessful watchlist 9 get request for user: kurstboy
20:14:02 intersecter.services.scraper - DEBUG - sucessful watchlist 10 get request for user: kurstboy
20:14:02 intersecter.services.scraper - DEBUG - sucessful watchlist 11 get request for user: kurstboy
20:14:02 intersecter.services.scraper - DEBUG - sucessful watchlist 11 get request for user: zoerosebryant
20:14:02 intersecter.services.scraper - DEBUG - sucessful watchlist 12 get request for user: zoerosebryant
20:14:02 intersecter.services.scraper - DEBUG - sucessful watchlist 14 get request for user: zoerosebryant
20:14:02 intersecter.services.scraper - DEBUG - sucessful watchlist 12 get request for user: kurstboy
20:14:02 intersecter.services.scraper - DEBUG - sucessful watchlist 13 get request for user: zoerosebryant
20:14:02 intersecter.services.scraper - DEBUG - sucessful watchlist 13 get request for user: kurstboy
20:14:02 intersecter.services.scraper - DEBUG - sucessful watchlist 15 get request for user: zoerosebryant
20:14:02 intersecter.services.scraper - DEBUG - sucessful watchlist 15 get request for user: kurstboy
20:14:02 intersecter.services.scraper - DEBUG - sucessful watchlist 17 get request for user: zoerosebryant
20:14:02 intersecter.services.scraper - DEBUG - sucessful watchlist 14 get request for user: kurstboy
20:14:02 intersecter.services.scraper - DEBUG - sucessful watchlist 17 get request for user: kurstboy
20:14:02 intersecter.services.scraper - DEBUG - sucessful watchlist 16 get request for user: kurstboy
20:14:02 intersecter.services.scraper - DEBUG - sucessful watchlist 16 get request for user: zoerosebryant
20:14:02 intersecter.services.scraper - DEBUG - sucessful watchlist 18 get request for user: kurstboy
20:14:02 intersecter.services.scraper - DEBUG - sucessful watchlist 19 get request for user: kurstboy
20:14:02 intersecter.services.scraper - DEBUG - sucessful watchlist 18 get request for user: zoerosebryant
20:14:02 intersecter.services.scraper - DEBUG - sucessful watchlist 20 get request for user: kurstboy
20:14:02 intersecter.services.scraper - DEBUG - sucessful watchlist 0 get request for user: zoerosebryant
20:14:02 intersecter.services.scraper - DEBUG - sucessful watchlist 0 get request for user: kurstboy
20:14:02 intersecter.services.scraper - DEBUG - sucessful watchlist 1 get request for user: zoerosebryant
20:14:02 intersecter.services.scraper - DEBUG - sucessful watchlist 4 get request for user: zoerosebryant
20:14:02 intersecter.services.scraper - DEBUG - sucessful watchlist 2 get request for user: zoerosebryant
20:14:02 intersecter.services.scraper - DEBUG - sucessful watchlist 1 get request for user: kurstboy
20:14:02 intersecter.services.scraper - DEBUG - sucessful watchlist 5 get request for user: zoerosebryant
20:14:02 intersecter.services.scraper - DEBUG - sucessful watchlist 3 get request for user: kurstboy
20:14:02 intersecter.services.scraper - DEBUG - sucessful watchlist 3 get request for user: zoerosebryant
20:14:02 intersecter.services.scraper - DEBUG - sucessful watchlist 2 get request for user: kurstboy
20:14:02 intersecter.services.scraper - DEBUG - sucessful watchlist 4 get request for user: kurstboy
20:14:02 intersecter.services.scraper - DEBUG - sucessful watchlist 6 get request for user: zoerosebryant
20:14:02 intersecter.services.scraper - DEBUG - sucessful watchlist 8 get request for user: zoerosebryant
20:14:02 intersecter.services.scraper - DEBUG - sucessful watchlist 6 get request for user: kurstboy
20:14:02 intersecter.services.scraper - DEBUG - sucessful watchlist 7 get request for user: zoerosebryant
20:14:02 intersecter.services.scraper - DEBUG - sucessful watchlist 7 get request for user: kurstboy
20:14:02 intersecter.services.scraper - DEBUG - sucessful watchlist 8 get request for user: kurstboy
20:14:02 intersecter.services.scraper - DEBUG - sucessful watchlist 9 get request for user: zoerosebryant
20:14:02 intersecter.services.scraper - DEBUG - sucessful watchlist 9 get request for user: kurstboy
20:14:02 intersecter.services.scraper - DEBUG - sucessful watchlist 10 get request for user: zoerosebryant
20:14:02 intersecter.services.scraper - DEBUG - sucessful watchlist 10 get request for user: kurstboy
20:14:02 intersecter.services.scraper - DEBUG - sucessful watchlist 13 get request for user: zoerosebryant
20:14:02 intersecter.services.scraper - DEBUG - sucessful watchlist 11 get request for user: kurstboy
20:14:02 intersecter.services.scraper - DEBUG - sucessful watchlist 12 get request for user: zoerosebryant
20:14:02 intersecter.services.scraper - DEBUG - sucessful watchlist 11 get request for user: zoerosebryant
20:14:02 intersecter.services.scraper - DEBUG - sucessful watchlist 12 get request for user: kurstboy
20:14:02 intersecter.services.scraper - DEBUG - sucessful watchlist 13 get request for user: kurstboy
20:14:02 intersecter.services.scraper - DEBUG - sucessful watchlist 15 get request for user: zoerosebryant
20:14:02 intersecter.services.scraper - DEBUG - sucessful watchlist 14 get request for user: kurstboy
20:14:02 intersecter.services.scraper - DEBUG - sucessful watchlist 14 get request for user: zoerosebryant
20:14:02 intersecter.services.scraper - DEBUG - sucessful watchlist 16 get request for user: zoerosebryant
20:14:02 intersecter.services.scraper - DEBUG - sucessful watchlist 15 get request for user: kurstboy
20:14:02 intersecter.services.scraper - DEBUG - sucessful watchlist 17 get request for user: zoerosebryant
20:14:02 intersecter.services.scraper - DEBUG - sucessful watchlist 18 get request for user: zoerosebryant
20:14:02 intersecter.services.scraper - DEBUG - sucessful watchlist 17 get request for user: kurstboy
20:14:02 intersecter.services.scraper - DEBUG - sucessful watchlist 16 get request for user: kurstboy
20:14:02 intersecter.services.scraper - DEBUG - sucessful watchlist 18 get request for user: kurstboy
20:14:02 intersecter.services.scraper - DEBUG - sucessful watchlist 19 get request for user: kurstboy
20:14:02 intersecter.services.scraper - DEBUG - sucessful watchlist 20 get request for user: kurstboy
20:14:02 intersecter.services.scraper - DEBUG - sucessful watchlist 5 get request for user: kurstboy
20:14:02 intersecter.services.scraper - DEBUG - sucessful watchlist 0 get request for user: carleythorne
20:14:02 intersecter.services.scraper - DEBUG - sucessful watchlist 0 get request for user: jay
20:14:02 intersecter.services.scraper - DEBUG - sucessful watchlist 0 get request for user: timtamtitus
20:14:02 intersecter.services.scraper - DEBUG - sucessful watchlist 0 get request for user: framesofnick
20:14:02 intersecter.services.scraper - DEBUG - sucessful watchlist 0 get request for user: georgecarmi
20:14:02 intersecter.services.scraper - DEBUG - sucessful watchlist 1 get request for user: carleythorne
20:14:02 intersecter.services.scraper - DEBUG - sucessful watchlist 3 get request for user: carleythorne
20:14:02 intersecter.services.scraper - DEBUG - sucessful watchlist 4 get request for user: carleythorne
20:14:02 intersecter.services.scraper - DEBUG - sucessful watchlist 2 get request for user: carleythorne
20:14:02 intersecter.services.scraper - DEBUG - sucessful watchlist 2 get request for user: jay
20:14:02 intersecter.services.scraper - DEBUG - sucessful watchlist 5 get request for user: carleythorne
20:14:02 intersecter.services.scraper - DEBUG - sucessful watchlist 1 get request for user: georgecarmi
20:14:02 intersecter.services.scraper - DEBUG - sucessful watchlist 1 get request for user: jay
20:14:02 intersecter.services.scraper - DEBUG - sucessful watchlist 3 get request for user: jay
20:14:02 intersecter.services.scraper - DEBUG - sucessful watchlist 1 get request for user: timtamtitus
20:14:02 intersecter.services.scraper - DEBUG - sucessful watchlist 2 get request for user: timtamtitus
20:14:02 intersecter.services.scraper - DEBUG - sucessful watchlist 4 get request for user: jay
20:14:02 intersecter.services.scraper - DEBUG - sucessful watchlist 3 get request for user: framesofnick
20:14:02 intersecter.services.scraper - DEBUG - sucessful watchlist 4 get request for user: georgecarmi
20:14:02 intersecter.services.scraper - DEBUG - sucessful watchlist 4 get request for user: framesofnick
20:14:02 intersecter.services.scraper - DEBUG - sucessful watchlist 4 get request for user: timtamtitus
20:14:02 intersecter.services.scraper - DEBUG - sucessful watchlist 5 get request for user: georgecarmi
20:14:02 intersecter.services.scraper - DEBUG - sucessful watchlist 5 get request for user: jay
20:14:02 intersecter.services.scraper - DEBUG - sucessful watchlist 5 get request for user: framesofnick
20:14:02 intersecter.services.scraper - DEBUG - sucessful watchlist 1 get request for user: framesofnick
20:14:02 intersecter.services.scraper - DEBUG - sucessful watchlist 3 get request for user: timtamtitus
20:14:02 intersecter.services.scraper - DEBUG - sucessful watchlist 2 get request for user: framesofnick
20:14:02 intersecter.services.scraper - DEBUG - sucessful watchlist 3 get request for user: georgecarmi
20:14:02 intersecter.services.scraper - DEBUG - sucessful watchlist 5 get request for user: timtamtitus
20:14:02 intersecter.services.scraper - DEBUG - sucessful watchlist 6 get request for user: jay
20:14:02 intersecter.services.scraper - DEBUG - sucessful watchlist 2 get request for user: georgecarmi
20:14:02 intersecter.services.scraper - DEBUG - sucessful watchlist 7 get request for user: jay
20:14:02 intersecter.services.scraper - DEBUG - sucessful watchlist 8 get request for user: jay
20:14:02 intersecter.services.scraper - DEBUG - sucessful watchlist 9 get request for user: jay
20:14:02 intersecter.services.scraper - DEBUG - sucessful watchlist 6 get request for user: timtamtitus
20:14:02 intersecter.services.scraper - DEBUG - sucessful watchlist 11 get request for user: jay
20:14:02 intersecter.services.scraper - DEBUG - sucessful watchlist 6 get request for user: georgecarmi
20:14:02 intersecter.services.scraper - DEBUG - sucessful watchlist 10 get request for user: jay
20:14:02 intersecter.services.scraper - DEBUG - sucessful watchlist 10 get request for user: timtamtitus
20:14:02 intersecter.services.scraper - DEBUG - sucessful watchlist 7 get request for user: timtamtitus
20:14:02 intersecter.services.scraper - DEBUG - sucessful watchlist 9 get request for user: georgecarmi
20:14:02 intersecter.services.scraper - DEBUG - sucessful watchlist 8 get request for user: georgecarmi
20:14:02 intersecter.services.scraper - DEBUG - sucessful watchlist 8 get request for user: timtamtitus
20:14:02 intersecter.services.scraper - DEBUG - sucessful watchlist 9 get request for user: framesofnick
20:14:02 intersecter.services.scraper - DEBUG - sucessful watchlist 7 get request for user: georgecarmi
20:14:02 intersecter.services.scraper - DEBUG - sucessful watchlist 10 get request for user: georgecarmi
20:14:02 intersecter.services.scraper - DEBUG - sucessful watchlist 10 get request for user: framesofnick
20:14:02 intersecter.services.scraper - DEBUG - sucessful watchlist 9 get request for user: timtamtitus
20:14:02 intersecter.services.scraper - DEBUG - sucessful watchlist 7 get request for user: framesofnick
20:14:02 intersecter.services.scraper - DEBUG - sucessful watchlist 8 get request for user: framesofnick
20:14:02 intersecter.services.scraper - DEBUG - sucessful watchlist 6 get request for user: framesofnick
20:14:02 intersecter.services.scraper - DEBUG - sucessful watchlist 12 get request for user: jay
20:14:02 intersecter.services.scraper - DEBUG - sucessful watchlist 13 get request for user: jay
20:14:02 intersecter.services.scraper - DEBUG - sucessful watchlist 14 get request for user: jay
20:14:02 intersecter.services.scraper - DEBUG - sucessful watchlist 16 get request for user: jay
20:14:02 intersecter.services.scraper - DEBUG - sucessful watchlist 15 get request for user: jay
20:14:02 intersecter.services.scraper - DEBUG - sucessful watchlist 11 get request for user: timtamtitus
20:14:02 intersecter.services.scraper - DEBUG - sucessful watchlist 13 get request for user: timtamtitus
20:14:02 intersecter.services.scraper - DEBUG - sucessful watchlist 11 get request for user: georgecarmi
20:14:02 intersecter.services.scraper - DEBUG - sucessful watchlist 15 get request for user: georgecarmi
20:14:02 intersecter.services.scraper - DEBUG - sucessful watchlist 13 get request for user: georgecarmi
20:14:02 intersecter.services.scraper - DEBUG - sucessful watchlist 14 get request for user: timtamtitus
20:14:02 intersecter.services.scraper - DEBUG - sucessful watchlist 12 get request for user: georgecarmi
20:14:02 intersecter.services.scraper - DEBUG - sucessful watchlist 15 get request for user: timtamtitus
20:14:02 intersecter.services.scraper - DEBUG - sucessful watchlist 12 get request for user: framesofnick
20:14:02 intersecter.services.scraper - DEBUG - sucessful watchlist 12 get request for user: timtamtitus
20:14:02 intersecter.services.scraper - DEBUG - sucessful watchlist 13 get request for user: framesofnick
20:14:02 intersecter.services.scraper - DEBUG - sucessful watchlist 14 get request for user: georgecarmi
20:14:02 intersecter.services.scraper - DEBUG - sucessful watchlist 15 get request for user: framesofnick
20:14:02 intersecter.services.scraper - DEBUG - sucessful watchlist 14 get request for user: framesofnick
20:14:02 intersecter.services.scraper - DEBUG - sucessful watchlist 11 get request for user: framesofnick
20:14:02 intersecter.services.scraper - DEBUG - sucessful watchlist 17 get request for user: jay
20:14:02 intersecter.services.scraper - DEBUG - sucessful watchlist 18 get request for user: jay
20:14:02 intersecter.services.scraper - DEBUG - sucessful watchlist 19 get request for user: jay
20:14:02 intersecter.services.scraper - DEBUG - sucessful watchlist 20 get request for user: jay
20:14:02 intersecter.services.scraper - DEBUG - sucessful watchlist 21 get request for user: jay
20:14:02 intersecter.services.scraper - DEBUG - sucessful watchlist 16 get request for user: timtamtitus
20:14:02 intersecter.services.scraper - DEBUG - sucessful watchlist 17 get request for user: timtamtitus
20:14:02 intersecter.services.scraper - DEBUG - sucessful watchlist 16 get request for user: georgecarmi
20:14:02 intersecter.services.scraper - DEBUG - sucessful watchlist 17 get request for user: georgecarmi
20:14:02 intersecter.services.scraper - DEBUG - sucessful watchlist 16 get request for user: framesofnick
20:14:02 intersecter.services.scraper - DEBUG - sucessful watchlist 18 get request for user: timtamtitus
20:14:02 intersecter.services.scraper - DEBUG - sucessful watchlist 18 get request for user: georgecarmi
20:14:02 intersecter.services.scraper - DEBUG - sucessful watchlist 19 get request for user: georgecarmi
20:14:02 intersecter.services.scraper - DEBUG - sucessful watchlist 19 get request for user: timtamtitus
20:14:02 intersecter.services.scraper - DEBUG - sucessful watchlist 17 get request for user: framesofnick
20:14:02 intersecter.services.scraper - DEBUG - sucessful watchlist 19 get request for user: framesofnick
20:14:02 intersecter.services.scraper - DEBUG - sucessful watchlist 18 get request for user: framesofnick
20:14:02 intersecter.services.scraper - DEBUG - sucessful watchlist 20 get request for user: timtamtitus
20:14:02 intersecter.services.scraper - DEBUG - sucessful watchlist 20 get request for user: georgecarmi
20:14:02 intersecter.services.scraper - DEBUG - sucessful watchlist 20 get request for user: framesofnick
20:14:02 intersecter.services.scraper - DEBUG - sucessful watchlist 22 get request for user: jay
20:14:02 intersecter.services.scraper - DEBUG - sucessful watchlist 23 get request for user: jay
20:14:02 intersecter.services.scraper - DEBUG - sucessful watchlist 21 get request for user: timtamtitus
20:14:02 intersecter.services.scraper - DEBUG - sucessful watchlist 23 get request for user: georgecarmi
20:14:02 intersecter.services.scraper - DEBUG - sucessful watchlist 22 get request for user: georgecarmi
20:14:02 intersecter.services.scraper - DEBUG - sucessful watchlist 25 get request for user: framesofnick
20:14:02 intersecter.services.scraper - DEBUG - sucessful watchlist 25 get request for user: georgecarmi
20:14:02 intersecter.services.scraper - DEBUG - sucessful watchlist 24 get request for user: georgecarmi
20:14:02 intersecter.services.scraper - DEBUG - sucessful watchlist 21 get request for user: framesofnick
20:14:02 intersecter.services.scraper - DEBUG - sucessful watchlist 21 get request for user: georgecarmi
20:14:02 intersecter.services.scraper - DEBUG - sucessful watchlist 24 get request for user: framesofnick
20:14:02 intersecter.services.scraper - DEBUG - sucessful watchlist 23 get request for user: framesofnick
20:14:02 intersecter.services.scraper - DEBUG - sucessful watchlist 22 get request for user: framesofnick
20:14:02 intersecter.services.scraper - DEBUG - sucessful watchlist 27 get request for user: georgecarmi
20:14:02 intersecter.services.scraper - DEBUG - sucessful watchlist 26 get request for user: framesofnick
20:14:02 intersecter.services.scraper - DEBUG - sucessful watchlist 27 get request for user: framesofnick
20:14:02 intersecter.services.scraper - DEBUG - sucessful watchlist 26 get request for user: georgecarmi
20:14:02 intersecter.services.scraper - DEBUG - sucessful watchlist 29 get request for user: framesofnick
20:14:02 intersecter.services.scraper - DEBUG - sucessful watchlist 28 get request for user: framesofnick
20:14:02 intersecter.services.scraper - DEBUG - sucessful watchlist 30 get request for user: framesofnick
20:14:02 intersecter.services.scraper - DEBUG - sucessful watchlist 33 get request for user: framesofnick
20:14:02 intersecter.services.scraper - DEBUG - sucessful watchlist 31 get request for user: framesofnick
20:14:02 intersecter.services.scraper - DEBUG - sucessful watchlist 32 get request for user: framesofnick
20:14:02 intersecter.services.scraper - DEBUG - sucessful watchlist 34 get request for user: framesofnick
20:14:02 intersecter.services.scraper - DEBUG - sucessful watchlist 35 get request for user: framesofnick
20:14:02 intersecter.services.scraper - DEBUG - sucessful watchlist 36 get request for user: framesofnick
20:14:02 intersecter.services.scraper - DEBUG - sucessful watchlist 37 get request for user: framesofnick
20:14:02 intersecter.services.scraper - DEBUG - sucessful watchlist 0 get request for user: timtamtitus
20:14:02 intersecter.services.scraper - DEBUG - sucessful watchlist 0 get request for user: framesofnick
20:14:02 intersecter.services.scraper - DEBUG - sucessful watchlist 0 get request for user: carleythorne
20:14:02 intersecter.services.scraper - DEBUG - sucessful watchlist 0 get request for user: jay
20:14:02 intersecter.services.scraper - DEBUG - sucessful watchlist 0 get request for user: georgecarmi
20:14:02 intersecter.services.scraper - DEBUG - sucessful watchlist 1 get request for user: framesofnick
20:14:02 intersecter.services.scraper - DEBUG - sucessful watchlist 1 get request for user: timtamtitus
20:14:02 intersecter.services.scraper - DEBUG - sucessful watchlist 3 get request for user: framesofnick
20:14:02 intersecter.services.scraper - DEBUG - sucessful watchlist 4 get request for user: framesofnick
20:14:02 intersecter.services.scraper - DEBUG - sucessful watchlist 5 get request for user: framesofnick
20:14:02 intersecter.services.scraper - DEBUG - sucessful watchlist 1 get request for user: carleythorne
20:14:02 intersecter.services.scraper - DEBUG - sucessful watchlist 1 get request for user: jay
20:14:02 intersecter.services.scraper - DEBUG - sucessful watchlist 2 get request for user: framesofnick
20:14:02 intersecter.services.scraper - DEBUG - sucessful watchlist 1 get request for user: georgecarmi
20:14:02 intersecter.services.scraper - DEBUG - sucessful watchlist 6 get request for user: framesofnick
20:14:02 intersecter.services.scraper - DEBUG - sucessful watchlist 5 get request for user: georgecarmi
20:14:02 intersecter.services.scraper - DEBUG - sucessful watchlist 2 get request for user: georgecarmi
20:14:02 intersecter.services.scraper - DEBUG - sucessful watchlist 4 get request for user: georgecarmi
20:14:02 intersecter.services.scraper - DEBUG - sucessful watchlist 2 get request for user: carleythorne
20:14:02 intersecter.services.scraper - DEBUG - sucessful watchlist 2 get request for user: jay
20:14:02 intersecter.services.scraper - DEBUG - sucessful watchlist 3 get request for user: carleythorne
20:14:02 intersecter.services.scraper - DEBUG - sucessful watchlist 6 get request for user: timtamtitus
20:14:02 intersecter.services.scraper - DEBUG - sucessful watchlist 3 get request for user: georgecarmi
20:14:02 intersecter.services.scraper - DEBUG - sucessful watchlist 2 get request for user: timtamtitus
20:14:02 intersecter.services.scraper - DEBUG - sucessful watchlist 3 get request for user: jay
20:14:02 intersecter.services.scraper - DEBUG - sucessful watchlist 8 get request for user: framesofnick
20:14:02 intersecter.services.scraper - DEBUG - sucessful watchlist 7 get request for user: framesofnick
20:14:02 intersecter.services.scraper - DEBUG - sucessful watchlist 4 get request for user: jay
20:14:02 intersecter.services.scraper - DEBUG - sucessful watchlist 4 get request for user: carleythorne
20:14:02 intersecter.services.scraper - DEBUG - sucessful watchlist 5 get request for user: jay
20:14:02 intersecter.services.scraper - DEBUG - sucessful watchlist 5 get request for user: carleythorne
20:14:02 intersecter.services.scraper - DEBUG - sucessful watchlist 3 get request for user: timtamtitus
20:14:02 intersecter.services.scraper - DEBUG - sucessful watchlist 4 get request for user: timtamtitus
20:14:02 intersecter.services.scraper - DEBUG - sucessful watchlist 11 get request for user: framesofnick
20:14:02 intersecter.services.scraper - DEBUG - sucessful watchlist 7 get request for user: jay
20:14:02 intersecter.services.scraper - DEBUG - sucessful watchlist 6 get request for user: georgecarmi
20:14:02 intersecter.services.scraper - DEBUG - sucessful watchlist 5 get request for user: timtamtitus
20:14:02 intersecter.services.scraper - DEBUG - sucessful watchlist 6 get request for user: jay
20:14:02 intersecter.services.scraper - DEBUG - sucessful watchlist 10 get request for user: framesofnick
20:14:02 intersecter.services.scraper - DEBUG - sucessful watchlist 9 get request for user: jay
20:14:02 intersecter.services.scraper - DEBUG - sucessful watchlist 12 get request for user: framesofnick
20:14:02 intersecter.services.scraper - DEBUG - sucessful watchlist 7 get request for user: timtamtitus
20:14:02 intersecter.services.scraper - DEBUG - sucessful watchlist 9 get request for user: framesofnick
20:14:02 intersecter.services.scraper - DEBUG - sucessful watchlist 9 get request for user: georgecarmi
20:14:02 intersecter.services.scraper - DEBUG - sucessful watchlist 8 get request for user: georgecarmi
20:14:02 intersecter.services.scraper - DEBUG - sucessful watchlist 13 get request for user: framesofnick
20:14:02 intersecter.services.scraper - DEBUG - sucessful watchlist 8 get request for user: jay
20:14:02 intersecter.services.scraper - DEBUG - sucessful watchlist 10 get request for user: georgecarmi
20:14:02 intersecter.services.scraper - DEBUG - sucessful watchlist 7 get request for user: georgecarmi
20:14:02 intersecter.services.scraper - DEBUG - sucessful watchlist 8 get request for user: timtamtitus
20:14:02 intersecter.services.scraper - DEBUG - sucessful watchlist 10 get request for user: jay
20:14:02 intersecter.services.scraper - DEBUG - sucessful watchlist 9 get request for user: timtamtitus
20:14:02 intersecter.services.scraper - DEBUG - sucessful watchlist 11 get request for user: jay
20:14:02 intersecter.services.scraper - DEBUG - sucessful watchlist 11 get request for user: georgecarmi
20:14:02 intersecter.services.scraper - DEBUG - sucessful watchlist 12 get request for user: jay
20:14:02 intersecter.services.scraper - DEBUG - sucessful watchlist 12 get request for user: timtamtitus
20:14:02 intersecter.services.scraper - DEBUG - sucessful watchlist 11 get request for user: timtamtitus
20:14:02 intersecter.services.scraper - DEBUG - sucessful watchlist 14 get request for user: jay
20:14:02 intersecter.services.scraper - DEBUG - sucessful watchlist 18 get request for user: framesofnick
20:14:02 intersecter.services.scraper - DEBUG - sucessful watchlist 12 get request for user: georgecarmi
20:14:02 intersecter.services.scraper - DEBUG - sucessful watchlist 17 get request for user: framesofnick
20:14:02 intersecter.services.scraper - DEBUG - sucessful watchlist 13 get request for user: jay
20:14:02 intersecter.services.scraper - DEBUG - sucessful watchlist 13 get request for user: timtamtitus
20:14:02 intersecter.services.scraper - DEBUG - sucessful watchlist 10 get request for user: timtamtitus
20:14:02 intersecter.services.scraper - DEBUG - sucessful watchlist 15 get request for user: jay
20:14:02 intersecter.services.scraper - DEBUG - sucessful watchlist 13 get request for user: georgecarmi
20:14:02 intersecter.services.scraper - DEBUG - sucessful watchlist 15 get request for user: framesofnick
20:14:02 intersecter.services.scraper - DEBUG - sucessful watchlist 16 get request for user: framesofnick
20:14:02 intersecter.services.scraper - DEBUG - sucessful watchlist 14 get request for user: georgecarmi
20:14:02 intersecter.services.scraper - DEBUG - sucessful watchlist 14 get request for user: framesofnick
20:14:02 intersecter.services.scraper - DEBUG - sucessful watchlist 15 get request for user: georgecarmi
20:14:02 intersecter.services.scraper - DEBUG - sucessful watchlist 16 get request for user: jay
20:14:02 intersecter.services.scraper - DEBUG - sucessful watchlist 14 get request for user: timtamtitus
20:14:02 intersecter.services.scraper - DEBUG - sucessful watchlist 15 get request for user: timtamtitus
20:14:02 intersecter.services.scraper - DEBUG - sucessful watchlist 19 get request for user: framesofnick
20:14:02 intersecter.services.scraper - DEBUG - sucessful watchlist 17 get request for user: jay
20:14:02 intersecter.services.scraper - DEBUG - sucessful watchlist 18 get request for user: jay
20:14:02 intersecter.services.scraper - DEBUG - sucessful watchlist 16 get request for user: georgecarmi
20:14:02 intersecter.services.scraper - DEBUG - sucessful watchlist 20 get request for user: jay
20:14:02 intersecter.services.scraper - DEBUG - sucessful watchlist 18 get request for user: georgecarmi
20:14:02 intersecter.services.scraper - DEBUG - sucessful watchlist 19 get request for user: jay
20:14:02 intersecter.services.scraper - DEBUG - sucessful watchlist 16 get request for user: timtamtitus
20:14:02 intersecter.services.scraper - DEBUG - sucessful watchlist 19 get request for user: georgecarmi
20:14:02 intersecter.services.scraper - DEBUG - sucessful watchlist 20 get request for user: framesofnick
20:14:02 intersecter.services.scraper - DEBUG - sucessful watchlist 20 get request for user: georgecarmi
20:14:02 intersecter.services.scraper - DEBUG - sucessful watchlist 23 get request for user: framesofnick
20:14:02 intersecter.services.scraper - DEBUG - sucessful watchlist 17 get request for user: georgecarmi
20:14:02 intersecter.services.scraper - DEBUG - sucessful watchlist 18 get request for user: timtamtitus
20:14:02 intersecter.services.scraper - DEBUG - sucessful watchlist 17 get request for user: timtamtitus
20:14:02 intersecter.services.scraper - DEBUG - sucessful watchlist 22 get request for user: framesofnick
20:14:02 intersecter.services.scraper - DEBUG - sucessful watchlist 21 get request for user: framesofnick
20:14:02 intersecter.services.scraper - DEBUG - sucessful watchlist 21 get request for user: jay
20:14:02 intersecter.services.scraper - DEBUG - sucessful watchlist 19 get request for user: timtamtitus
20:14:02 intersecter.services.scraper - DEBUG - sucessful watchlist 21 get request for user: georgecarmi
20:14:02 intersecter.services.scraper - DEBUG - sucessful watchlist 22 get request for user: georgecarmi
20:14:02 intersecter.services.scraper - DEBUG - sucessful watchlist 23 get request for user: jay
20:14:02 intersecter.services.scraper - DEBUG - sucessful watchlist 21 get request for user: timtamtitus
20:14:02 intersecter.services.scraper - DEBUG - sucessful watchlist 23 get request for user: georgecarmi
20:14:02 intersecter.services.scraper - DEBUG - sucessful watchlist 25 get request for user: framesofnick
20:14:02 intersecter.services.scraper - DEBUG - sucessful watchlist 26 get request for user: framesofnick
20:14:02 intersecter.services.scraper - DEBUG - sucessful watchlist 20 get request for user: timtamtitus
20:14:02 intersecter.services.scraper - DEBUG - sucessful watchlist 24 get request for user: framesofnick
20:14:02 intersecter.services.scraper - DEBUG - sucessful watchlist 24 get request for user: georgecarmi
20:14:02 intersecter.services.scraper - DEBUG - sucessful watchlist 22 get request for user: jay
20:14:02 intersecter.services.scraper - DEBUG - sucessful watchlist 27 get request for user: framesofnick
20:14:02 intersecter.services.scraper - DEBUG - sucessful watchlist 27 get request for user: georgecarmi
20:14:02 intersecter.services.scraper - DEBUG - sucessful watchlist 25 get request for user: georgecarmi
20:14:02 intersecter.services.scraper - DEBUG - sucessful watchlist 29 get request for user: framesofnick
20:14:02 intersecter.services.scraper - DEBUG - sucessful watchlist 28 get request for user: framesofnick
20:14:02 intersecter.services.scraper - DEBUG - sucessful watchlist 26 get request for user: georgecarmi
20:14:02 intersecter.services.scraper - DEBUG - sucessful watchlist 30 get request for user: framesofnick
20:14:02 intersecter.services.scraper - DEBUG - sucessful watchlist 31 get request for user: framesofnick
20:14:02 intersecter.services.scraper - DEBUG - sucessful watchlist 32 get request for user: framesofnick
20:14:02 intersecter.services.scraper - DEBUG - sucessful watchlist 34 get request for user: framesofnick
20:14:02 intersecter.services.scraper - DEBUG - sucessful watchlist 33 get request for user: framesofnick
20:14:02 intersecter.services.scraper - DEBUG - sucessful watchlist 35 get request for user: framesofnick
20:14:02 intersecter.services.scraper - DEBUG - sucessful watchlist 37 get request for user: framesofnick
20:14:02 intersecter.services.scraper - DEBUG - sucessful watchlist 36 get request for user: framesofnick
20:14:02 intersecter.services.scraper - DEBUG - sucessful watchlist 0 get request for user: georgecarmi
20:14:02 intersecter.services.scraper - DEBUG - sucessful watchlist 0 get request for user: jay
20:14:02 intersecter.services.scraper - DEBUG - sucessful watchlist 0 get request for user: timtamtitus
20:14:02 intersecter.services.scraper - DEBUG - sucessful watchlist 0 get request for user: framesofnick
20:14:02 intersecter.services.scraper - DEBUG - sucessful watchlist 0 get request for user: carleythorne
20:14:02 intersecter.services.scraper - DEBUG - sucessful watchlist 1 get request for user: georgecarmi
20:14:02 intersecter.services.scraper - DEBUG - sucessful watchlist 1 get request for user: jay
20:14:02 intersecter.services.scraper - DEBUG - sucessful watchlist 3 get request for user: georgecarmi
20:14:02 intersecter.services.scraper - DEBUG - sucessful watchlist 4 get request for user: georgecarmi
20:14:02 intersecter.services.scraper - DEBUG - sucessful watchlist 2 get request for user: georgecarmi
20:14:02 intersecter.services.scraper - DEBUG - sucessful watchlist 1 get request for user: timtamtitus
20:14:02 intersecter.services.scraper - DEBUG - sucessful watchlist 1 get request for user: carleythorne
20:14:02 intersecter.services.scraper - DEBUG - sucessful watchlist 3 get request for user: jay
20:14:02 intersecter.services.scraper - DEBUG - sucessful watchlist 1 get request for user: framesofnick
20:14:02 intersecter.services.scraper - DEBUG - sucessful watchlist 4 get request for user: jay
20:14:02 intersecter.services.scraper - DEBUG - sucessful watchlist 4 get request for user: timtamtitus
20:14:02 intersecter.services.scraper - DEBUG - sucessful watchlist 4 get request for user: carleythorne
20:14:02 intersecter.services.scraper - DEBUG - sucessful watchlist 3 get request for user: carleythorne
20:14:02 intersecter.services.scraper - DEBUG - sucessful watchlist 6 get request for user: georgecarmi
20:14:02 intersecter.services.scraper - DEBUG - sucessful watchlist 5 get request for user: georgecarmi
20:14:02 intersecter.services.scraper - DEBUG - sucessful watchlist 3 get request for user: timtamtitus
20:14:02 intersecter.services.scraper - DEBUG - sucessful watchlist 6 get request for user: jay
20:14:02 intersecter.services.scraper - DEBUG - sucessful watchlist 2 get request for user: carleythorne
20:14:02 intersecter.services.scraper - DEBUG - sucessful watchlist 5 get request for user: jay
20:14:02 intersecter.services.scraper - DEBUG - sucessful watchlist 5 get request for user: framesofnick
20:14:02 intersecter.services.scraper - DEBUG - sucessful watchlist 2 get request for user: framesofnick
20:14:02 intersecter.services.scraper - DEBUG - sucessful watchlist 5 get request for user: carleythorne
20:14:02 intersecter.services.scraper - DEBUG - sucessful watchlist 2 get request for user: jay
20:14:02 intersecter.services.scraper - DEBUG - sucessful watchlist 10 get request for user: georgecarmi
20:14:02 intersecter.services.scraper - DEBUG - sucessful watchlist 10 get request for user: jay
20:14:02 intersecter.services.scraper - DEBUG - sucessful watchlist 4 get request for user: framesofnick
20:14:02 intersecter.services.scraper - DEBUG - sucessful watchlist 9 get request for user: jay
20:14:02 intersecter.services.scraper - DEBUG - sucessful watchlist 8 get request for user: georgecarmi
20:14:02 intersecter.services.scraper - DEBUG - sucessful watchlist 2 get request for user: timtamtitus
20:14:02 intersecter.services.scraper - DEBUG - sucessful watchlist 6 get request for user: framesofnick
20:14:02 intersecter.services.scraper - DEBUG - sucessful watchlist 3 get request for user: framesofnick
20:14:02 intersecter.services.scraper - DEBUG - sucessful watchlist 8 get request for user: jay
20:14:02 intersecter.services.scraper - DEBUG - sucessful watchlist 11 get request for user: georgecarmi
20:14:02 intersecter.services.scraper - DEBUG - sucessful watchlist 7 get request for user: georgecarmi
20:14:02 intersecter.services.scraper - DEBUG - sucessful watchlist 7 get request for user: jay
20:14:02 intersecter.services.scraper - DEBUG - sucessful watchlist 5 get request for user: timtamtitus
20:14:02 intersecter.services.scraper - DEBUG - sucessful watchlist 6 get request for user: timtamtitus
20:14:02 intersecter.services.scraper - DEBUG - sucessful watchlist 9 get request for user: georgecarmi
20:14:02 intersecter.services.scraper - DEBUG - sucessful watchlist 7 get request for user: timtamtitus
20:14:02 intersecter.services.scraper - DEBUG - sucessful watchlist 7 get request for user: framesofnick
20:14:02 intersecter.services.scraper - DEBUG - sucessful watchlist 8 get request for user: framesofnick
20:14:02 intersecter.services.scraper - DEBUG - sucessful watchlist 11 get request for user: jay
20:14:02 intersecter.services.scraper - DEBUG - sucessful watchlist 8 get request for user: timtamtitus
20:14:02 intersecter.services.scraper - DEBUG - sucessful watchlist 12 get request for user: georgecarmi
20:14:02 intersecter.services.scraper - DEBUG - sucessful watchlist 13 get request for user: jay
20:14:02 intersecter.services.scraper - DEBUG - sucessful watchlist 12 get request for user: jay
20:14:02 intersecter.services.scraper - DEBUG - sucessful watchlist 13 get request for user: georgecarmi
20:14:02 intersecter.services.scraper - DEBUG - sucessful watchlist 10 get request for user: framesofnick
20:14:02 intersecter.services.scraper - DEBUG - sucessful watchlist 11 get request for user: framesofnick
20:14:02 intersecter.services.scraper - DEBUG - sucessful watchlist 10 get request for user: timtamtitus
20:14:02 intersecter.services.scraper - DEBUG - sucessful watchlist 9 get request for user: timtamtitus
20:14:02 intersecter.services.scraper - DEBUG - sucessful watchlist 9 get request for user: framesofnick
20:14:02 intersecter.services.scraper - DEBUG - sucessful watchlist 11 get request for user: timtamtitus
20:14:02 intersecter.services.scraper - DEBUG - sucessful watchlist 14 get request for user: georgecarmi
20:14:02 intersecter.services.scraper - DEBUG - sucessful watchlist 15 get request for user: jay
20:14:02 intersecter.services.scraper - DEBUG - sucessful watchlist 15 get request for user: georgecarmi
20:14:02 intersecter.services.scraper - DEBUG - sucessful watchlist 12 get request for user: framesofnick
20:14:02 intersecter.services.scraper - DEBUG - sucessful watchlist 16 get request for user: georgecarmi
20:14:02 intersecter.services.scraper - DEBUG - sucessful watchlist 13 get request for user: timtamtitus
20:14:02 intersecter.services.scraper - DEBUG - sucessful watchlist 16 get request for user: jay
20:14:02 intersecter.services.scraper - DEBUG - sucessful watchlist 13 get request for user: framesofnick
20:14:02 intersecter.services.scraper - DEBUG - sucessful watchlist 14 get request for user: jay
20:14:02 intersecter.services.scraper - DEBUG - sucessful watchlist 12 get request for user: timtamtitus
20:14:02 intersecter.services.scraper - DEBUG - sucessful watchlist 17 get request for user: georgecarmi
20:14:02 intersecter.services.scraper - DEBUG - sucessful watchlist 17 get request for user: jay
20:14:02 intersecter.services.scraper - DEBUG - sucessful watchlist 18 get request for user: jay
20:14:02 intersecter.services.scraper - DEBUG - sucessful watchlist 18 get request for user: georgecarmi
20:14:02 intersecter.services.scraper - DEBUG - sucessful watchlist 14 get request for user: framesofnick
20:14:02 intersecter.services.scraper - DEBUG - sucessful watchlist 14 get request for user: timtamtitus
20:14:02 intersecter.services.scraper - DEBUG - sucessful watchlist 16 get request for user: timtamtitus
20:14:02 intersecter.services.scraper - DEBUG - sucessful watchlist 15 get request for user: framesofnick
20:14:02 intersecter.services.scraper - DEBUG - sucessful watchlist 16 get request for user: framesofnick
20:14:02 intersecter.services.scraper - DEBUG - sucessful watchlist 17 get request for user: timtamtitus
20:14:02 intersecter.services.scraper - DEBUG - sucessful watchlist 20 get request for user: jay
20:14:02 intersecter.services.scraper - DEBUG - sucessful watchlist 21 get request for user: georgecarmi
20:14:02 intersecter.services.scraper - DEBUG - sucessful watchlist 21 get request for user: jay
20:14:02 intersecter.services.scraper - DEBUG - sucessful watchlist 20 get request for user: georgecarmi
20:14:02 intersecter.services.scraper - DEBUG - sucessful watchlist 19 get request for user: jay
20:14:02 intersecter.services.scraper - DEBUG - sucessful watchlist 18 get request for user: timtamtitus
20:14:02 intersecter.services.scraper - DEBUG - sucessful watchlist 18 get request for user: framesofnick
20:14:02 intersecter.services.scraper - DEBUG - sucessful watchlist 15 get request for user: timtamtitus
20:14:02 intersecter.services.scraper - DEBUG - sucessful watchlist 19 get request for user: georgecarmi
20:14:02 intersecter.services.scraper - DEBUG - sucessful watchlist 22 get request for user: georgecarmi
20:14:02 intersecter.services.scraper - DEBUG - sucessful watchlist 22 get request for user: jay
20:14:02 intersecter.services.scraper - DEBUG - sucessful watchlist 17 get request for user: framesofnick
20:14:02 intersecter.services.scraper - DEBUG - sucessful watchlist 19 get request for user: framesofnick
20:14:02 intersecter.services.scraper - DEBUG - sucessful watchlist 23 get request for user: jay
20:14:02 intersecter.services.scraper - DEBUG - sucessful watchlist 19 get request for user: timtamtitus
20:14:02 intersecter.services.scraper - DEBUG - sucessful watchlist 23 get request for user: georgecarmi
20:14:02 intersecter.services.scraper - DEBUG - sucessful watchlist 21 get request for user: timtamtitus
20:14:02 intersecter.services.scraper - DEBUG - sucessful watchlist 20 get request for user: framesofnick
20:14:02 intersecter.services.scraper - DEBUG - sucessful watchlist 24 get request for user: georgecarmi
20:14:02 intersecter.services.scraper - DEBUG - sucessful watchlist 25 get request for user: georgecarmi
20:14:02 intersecter.services.scraper - DEBUG - sucessful watchlist 27 get request for user: georgecarmi
20:14:02 intersecter.services.scraper - DEBUG - sucessful watchlist 22 get request for user: framesofnick
20:14:02 intersecter.services.scraper - DEBUG - sucessful watchlist 21 get request for user: framesofnick
20:14:02 intersecter.services.scraper - DEBUG - sucessful watchlist 26 get request for user: georgecarmi
20:14:02 intersecter.services.scraper - DEBUG - sucessful watchlist 23 get request for user: framesofnick
20:14:02 intersecter.services.scraper - DEBUG - sucessful watchlist 20 get request for user: timtamtitus
20:14:02 intersecter.services.scraper - DEBUG - sucessful watchlist 24 get request for user: framesofnick
20:14:02 intersecter.services.scraper - DEBUG - sucessful watchlist 25 get request for user: framesofnick
20:14:02 intersecter.services.scraper - DEBUG - sucessful watchlist 27 get request for user: framesofnick
20:14:02 intersecter.services.scraper - DEBUG - sucessful watchlist 26 get request for user: framesofnick
20:14:02 intersecter.services.scraper - DEBUG - sucessful watchlist 29 get request for user: framesofnick
20:14:02 intersecter.services.scraper - DEBUG - sucessful watchlist 30 get request for user: framesofnick
20:14:02 intersecter.services.scraper - DEBUG - sucessful watchlist 28 get request for user: framesofnick
20:14:02 intersecter.services.scraper - DEBUG - sucessful watchlist 31 get request for user: framesofnick
20:14:02 intersecter.services.scraper - DEBUG - sucessful watchlist 33 get request for user: framesofnick
20:14:02 intersecter.services.scraper - DEBUG - sucessful watchlist 35 get request for user: framesofnick
20:14:02 intersecter.services.scraper - DEBUG - sucessful watchlist 32 get request for user: framesofnick
20:14:02 intersecter.services.scraper - DEBUG - sucessful watchlist 34 get request for user: framesofnick
20:14:02 intersecter.services.scraper - DEBUG - sucessful watchlist 36 get request for user: framesofnick
20:14:02 intersecter.services.scraper - DEBUG - sucessful watchlist 37 get request for user: framesofnick
20:14:02 intersecter.services.scraper - DEBUG - sucessful watchlist 0 get request for user: jay
20:14:02 intersecter.services.scraper - DEBUG - sucessful watchlist 2 get request for user: jay
20:14:02 intersecter.services.scraper - DEBUG - sucessful watchlist 1 get request for user: jay
20:14:02 intersecter.services.scraper - DEBUG - sucessful watchlist 4 get request for user: jay
20:14:02 intersecter.services.scraper - DEBUG - sucessful watchlist 6 get request for user: jay
20:14:02 intersecter.services.scraper - DEBUG - sucessful watchlist 8 get request for user: jay
20:14:02 intersecter.services.scraper - DEBUG - sucessful watchlist 0 get request for user: carleythorne
20:14:02 intersecter.services.scraper - DEBUG - sucessful watchlist 0 get request for user: georgecarmi
20:14:02 intersecter.services.scraper - DEBUG - sucessful watchlist 0 get request for user: timtamtitus
20:14:02 intersecter.services.scraper - DEBUG - sucessful watchlist 0 get request for user: framesofnick
20:14:02 intersecter.services.scraper - DEBUG - sucessful watchlist 7 get request for user: jay
20:14:02 intersecter.services.scraper - DEBUG - sucessful watchlist 9 get request for user: jay
20:14:02 intersecter.services.scraper - DEBUG - sucessful watchlist 10 get request for user: jay
20:14:02 intersecter.services.scraper - DEBUG - sucessful watchlist 3 get request for user: jay
20:14:02 intersecter.services.scraper - DEBUG - sucessful watchlist 5 get request for user: jay
20:14:02 intersecter.services.scraper - DEBUG - sucessful watchlist 1 get request for user: carleythorne
20:14:02 intersecter.services.scraper - DEBUG - sucessful watchlist 12 get request for user: jay
20:14:02 intersecter.services.scraper - DEBUG - sucessful watchlist 11 get request for user: jay
20:14:02 intersecter.services.scraper - DEBUG - sucessful watchlist 5 get request for user: carleythorne
20:14:02 intersecter.services.scraper - DEBUG - sucessful watchlist 13 get request for user: jay
20:14:02 intersecter.services.scraper - DEBUG - sucessful watchlist 1 get request for user: framesofnick
20:14:02 intersecter.services.scraper - DEBUG - sucessful watchlist 2 get request for user: framesofnick
20:14:02 intersecter.services.scraper - DEBUG - sucessful watchlist 5 get request for user: framesofnick
20:14:02 intersecter.services.scraper - DEBUG - sucessful watchlist 5 get request for user: georgecarmi
20:14:02 intersecter.services.scraper - DEBUG - sucessful watchlist 2 get request for user: timtamtitus
20:14:02 intersecter.services.scraper - DEBUG - sucessful watchlist 4 get request for user: framesofnick
20:14:02 intersecter.services.scraper - DEBUG - sucessful watchlist 15 get request for user: jay
20:14:02 intersecter.services.scraper - DEBUG - sucessful watchlist 14 get request for user: jay
20:14:02 intersecter.services.scraper - DEBUG - sucessful watchlist 16 get request for user: jay
20:14:02 intersecter.services.scraper - DEBUG - sucessful watchlist 17 get request for user: jay
20:14:02 intersecter.services.scraper - DEBUG - sucessful watchlist 1 get request for user: georgecarmi
20:14:02 intersecter.services.scraper - DEBUG - sucessful watchlist 6 get request for user: framesofnick
20:14:02 intersecter.services.scraper - DEBUG - sucessful watchlist 18 get request for user: jay
20:14:02 intersecter.services.scraper - DEBUG - sucessful watchlist 8 get request for user: framesofnick
20:14:02 intersecter.services.scraper - DEBUG - sucessful watchlist 4 get request for user: carleythorne
20:14:02 intersecter.services.scraper - DEBUG - sucessful watchlist 6 get request for user: georgecarmi
20:14:02 intersecter.services.scraper - DEBUG - sucessful watchlist 3 get request for user: carleythorne
20:14:02 intersecter.services.scraper - DEBUG - sucessful watchlist 3 get request for user: timtamtitus
20:14:02 intersecter.services.scraper - DEBUG - sucessful watchlist 7 get request for user: framesofnick
20:14:02 intersecter.services.scraper - DEBUG - sucessful watchlist 5 get request for user: timtamtitus
20:14:02 intersecter.services.scraper - DEBUG - sucessful watchlist 9 get request for user: framesofnick
20:14:02 intersecter.services.scraper - DEBUG - sucessful watchlist 4 get request for user: timtamtitus
20:14:02 intersecter.services.scraper - DEBUG - sucessful watchlist 21 get request for user: jay
20:14:02 intersecter.services.scraper - DEBUG - sucessful watchlist 3 get request for user: framesofnick
20:14:02 intersecter.services.scraper - DEBUG - sucessful watchlist 19 get request for user: jay
20:14:02 intersecter.services.scraper - DEBUG - sucessful watchlist 2 get request for user: carleythorne
20:14:02 intersecter.services.scraper - DEBUG - sucessful watchlist 1 get request for user: timtamtitus
20:14:02 intersecter.services.scraper - DEBUG - sucessful watchlist 4 get request for user: georgecarmi
20:14:02 intersecter.services.scraper - DEBUG - sucessful watchlist 23 get request for user: jay
20:14:02 intersecter.services.scraper - DEBUG - sucessful watchlist 22 get request for user: jay
20:14:02 intersecter.services.scraper - DEBUG - sucessful watchlist 3 get request for user: georgecarmi
20:14:02 intersecter.services.scraper - DEBUG - sucessful watchlist 7 get request for user: timtamtitus
20:14:02 intersecter.services.scraper - DEBUG - sucessful watchlist 12 get request for user: framesofnick
20:14:02 intersecter.services.scraper - DEBUG - sucessful watchlist 20 get request for user: jay
20:14:02 intersecter.services.scraper - DEBUG - sucessful watchlist 11 get request for user: framesofnick
20:14:02 intersecter.services.scraper - DEBUG - sucessful watchlist 2 get request for user: georgecarmi
20:14:02 intersecter.services.scraper - DEBUG - sucessful watchlist 13 get request for user: framesofnick
20:14:02 intersecter.services.scraper - DEBUG - sucessful watchlist 7 get request for user: georgecarmi
20:14:02 intersecter.services.scraper - DEBUG - sucessful watchlist 8 get request for user: georgecarmi
20:14:02 intersecter.services.scraper - DEBUG - sucessful watchlist 10 get request for user: framesofnick
20:14:02 intersecter.services.scraper - DEBUG - sucessful watchlist 6 get request for user: timtamtitus
20:14:02 intersecter.services.scraper - DEBUG - sucessful watchlist 8 get request for user: timtamtitus
20:14:02 intersecter.services.scraper - DEBUG - sucessful watchlist 14 get request for user: framesofnick
20:14:02 intersecter.services.scraper - DEBUG - sucessful watchlist 15 get request for user: framesofnick
20:14:02 intersecter.services.scraper - DEBUG - sucessful watchlist 12 get request for user: georgecarmi
20:14:02 intersecter.services.scraper - DEBUG - sucessful watchlist 16 get request for user: framesofnick
20:14:02 intersecter.services.scraper - DEBUG - sucessful watchlist 9 get request for user: timtamtitus
20:14:02 intersecter.services.scraper - DEBUG - sucessful watchlist 10 get request for user: timtamtitus
20:14:02 intersecter.services.scraper - DEBUG - sucessful watchlist 11 get request for user: georgecarmi
20:14:02 intersecter.services.scraper - DEBUG - sucessful watchlist 9 get request for user: georgecarmi
20:14:02 intersecter.services.scraper - DEBUG - sucessful watchlist 11 get request for user: timtamtitus
20:14:02 intersecter.services.scraper - DEBUG - sucessful watchlist 17 get request for user: framesofnick
20:14:02 intersecter.services.scraper - DEBUG - sucessful watchlist 12 get request for user: timtamtitus
20:14:02 intersecter.services.scraper - DEBUG - sucessful watchlist 18 get request for user: framesofnick
20:14:02 intersecter.services.scraper - DEBUG - sucessful watchlist 19 get request for user: framesofnick
20:14:02 intersecter.services.scraper - DEBUG - sucessful watchlist 13 get request for user: timtamtitus
20:14:02 intersecter.services.scraper - DEBUG - sucessful watchlist 20 get request for user: framesofnick
20:14:02 intersecter.services.scraper - DEBUG - sucessful watchlist 10 get request for user: georgecarmi
20:14:02 intersecter.services.scraper - DEBUG - sucessful watchlist 14 get request for user: georgecarmi
20:14:02 intersecter.services.scraper - DEBUG - sucessful watchlist 13 get request for user: georgecarmi
20:14:02 intersecter.services.scraper - DEBUG - sucessful watchlist 21 get request for user: framesofnick
20:14:02 intersecter.services.scraper - DEBUG - sucessful watchlist 15 get request for user: georgecarmi
20:14:02 intersecter.services.scraper - DEBUG - sucessful watchlist 15 get request for user: timtamtitus
20:14:02 intersecter.services.scraper - DEBUG - sucessful watchlist 14 get request for user: timtamtitus
20:14:02 intersecter.services.scraper - DEBUG - sucessful watchlist 22 get request for user: framesofnick
20:14:02 intersecter.services.scraper - DEBUG - sucessful watchlist 24 get request for user: framesofnick
20:14:02 intersecter.services.scraper - DEBUG - sucessful watchlist 16 get request for user: georgecarmi
20:14:02 intersecter.services.scraper - DEBUG - sucessful watchlist 26 get request for user: framesofnick
20:14:02 intersecter.services.scraper - DEBUG - sucessful watchlist 16 get request for user: timtamtitus
20:14:02 intersecter.services.scraper - DEBUG - sucessful watchlist 23 get request for user: framesofnick
20:14:02 intersecter.services.scraper - DEBUG - sucessful watchlist 20 get request for user: georgecarmi
20:14:02 intersecter.services.scraper - DEBUG - sucessful watchlist 17 get request for user: timtamtitus
20:14:02 intersecter.services.scraper - DEBUG - sucessful watchlist 27 get request for user: framesofnick
20:14:02 intersecter.services.scraper - DEBUG - sucessful watchlist 18 get request for user: timtamtitus
20:14:02 intersecter.services.scraper - DEBUG - sucessful watchlist 25 get request for user: framesofnick
20:14:02 intersecter.services.scraper - DEBUG - sucessful watchlist 28 get request for user: framesofnick
20:14:02 intersecter.services.scraper - DEBUG - sucessful watchlist 17 get request for user: georgecarmi
20:14:02 intersecter.services.scraper - DEBUG - sucessful watchlist 19 get request for user: georgecarmi
20:14:02 intersecter.services.scraper - DEBUG - sucessful watchlist 19 get request for user: timtamtitus
20:14:02 intersecter.services.scraper - DEBUG - sucessful watchlist 29 get request for user: framesofnick
20:14:02 intersecter.services.scraper - DEBUG - sucessful watchlist 18 get request for user: georgecarmi
20:14:02 intersecter.services.scraper - DEBUG - sucessful watchlist 20 get request for user: timtamtitus
20:14:02 intersecter.services.scraper - DEBUG - sucessful watchlist 21 get request for user: timtamtitus
20:14:02 intersecter.services.scraper - DEBUG - sucessful watchlist 21 get request for user: georgecarmi
20:14:02 intersecter.services.scraper - DEBUG - sucessful watchlist 32 get request for user: framesofnick
20:14:02 intersecter.services.scraper - DEBUG - sucessful watchlist 30 get request for user: framesofnick
20:14:02 intersecter.services.scraper - DEBUG - sucessful watchlist 23 get request for user: georgecarmi
20:14:02 intersecter.services.scraper - DEBUG - sucessful watchlist 22 get request for user: georgecarmi
20:14:02 intersecter.services.scraper - DEBUG - sucessful watchlist 34 get request for user: framesofnick
20:14:02 intersecter.services.scraper - DEBUG - sucessful watchlist 25 get request for user: georgecarmi
20:14:02 intersecter.services.scraper - DEBUG - sucessful watchlist 31 get request for user: framesofnick
20:14:02 intersecter.services.scraper - DEBUG - sucessful watchlist 33 get request for user: framesofnick
20:14:02 intersecter.services.scraper - DEBUG - sucessful watchlist 24 get request for user: georgecarmi
20:14:02 intersecter.services.scraper - DEBUG - sucessful watchlist 26 get request for user: georgecarmi
20:14:02 intersecter.services.scraper - DEBUG - sucessful watchlist 35 get request for user: framesofnick
20:14:02 intersecter.services.scraper - DEBUG - sucessful watchlist 36 get request for user: framesofnick
20:14:02 intersecter.services.scraper - DEBUG - sucessful watchlist 27 get request for user: georgecarmi
20:14:02 intersecter.services.scraper - DEBUG - sucessful watchlist 37 get request for user: framesofnick
20:14:02 intersecter.services.scraper - DEBUG - sucessful watchlist 0 get request for user: childrenofmen
20:14:02 intersecter.services.scraper - DEBUG - sucessful watchlist 0 get request for user: sophiedarcy
20:14:02 intersecter.services.scraper - DEBUG - sucessful watchlist 0 get request for user: willhunting
20:14:02 intersecter.services.scraper - DEBUG - sucessful watchlist 0 get request for user: jonathanfujii
20:14:02 intersecter.services.scraper - DEBUG - sucessful watchlist 0 get request for user: abigailwattx
20:14:02 intersecter.services.scraper - DEBUG - sucessful watchlist 1 get request for user: childrenofmen
20:14:02 intersecter.services.scraper - DEBUG - sucessful watchlist 1 get request for user: willhunting
20:14:02 intersecter.services.scraper - DEBUG - sucessful watchlist 3 get request for user: childrenofmen
20:14:02 intersecter.services.scraper - DEBUG - sucessful watchlist 1 get request for user: jonathanfujii
20:14:02 intersecter.services.scraper - DEBUG - sucessful watchlist 2 get request for user: childrenofmen
20:14:02 intersecter.services.scraper - DEBUG - sucessful watchlist 6 get request for user: childrenofmen
20:14:02 intersecter.services.scraper - DEBUG - sucessful watchlist 2 get request for user: abigailwattx
20:14:02 intersecter.services.scraper - DEBUG - sucessful watchlist 5 get request for user: childrenofmen
20:14:02 intersecter.services.scraper - DEBUG - sucessful watchlist 2 get request for user: willhunting
20:14:02 intersecter.services.scraper - DEBUG - sucessful watchlist 2 get request for user: sophiedarcy
20:14:02 intersecter.services.scraper - DEBUG - sucessful watchlist 4 get request for user: sophiedarcy
20:14:02 intersecter.services.scraper - DEBUG - sucessful watchlist 4 get request for user: abigailwattx
20:14:02 intersecter.services.scraper - DEBUG - sucessful watchlist 1 get request for user: abigailwattx
20:14:02 intersecter.services.scraper - DEBUG - sucessful watchlist 6 get request for user: willhunting
20:14:02 intersecter.services.scraper - DEBUG - sucessful watchlist 1 get request for user: sophiedarcy
20:14:02 intersecter.services.scraper - DEBUG - sucessful watchlist 7 get request for user: childrenofmen
20:14:02 intersecter.services.scraper - DEBUG - sucessful watchlist 4 get request for user: jonathanfujii
20:14:02 intersecter.services.scraper - DEBUG - sucessful watchlist 3 get request for user: sophiedarcy
20:14:02 intersecter.services.scraper - DEBUG - sucessful watchlist 3 get request for user: jonathanfujii
20:14:02 intersecter.services.scraper - DEBUG - sucessful watchlist 6 get request for user: jonathanfujii
20:14:02 intersecter.services.scraper - DEBUG - sucessful watchlist 5 get request for user: sophiedarcy
20:14:02 intersecter.services.scraper - DEBUG - sucessful watchlist 9 get request for user: childrenofmen
20:14:02 intersecter.services.scraper - DEBUG - sucessful watchlist 3 get request for user: willhunting
20:14:02 intersecter.services.scraper - DEBUG - sucessful watchlist 5 get request for user: willhunting
20:14:02 intersecter.services.scraper - DEBUG - sucessful watchlist 4 get request for user: childrenofmen
20:14:02 intersecter.services.scraper - DEBUG - sucessful watchlist 4 get request for user: willhunting
20:14:02 intersecter.services.scraper - DEBUG - sucessful watchlist 5 get request for user: jonathanfujii
20:14:02 intersecter.services.scraper - DEBUG - sucessful watchlist 3 get request for user: abigailwattx
20:14:02 intersecter.services.scraper - DEBUG - sucessful watchlist 5 get request for user: abigailwattx
20:14:02 intersecter.services.scraper - DEBUG - sucessful watchlist 2 get request for user: jonathanfujii
20:14:02 intersecter.services.scraper - DEBUG - sucessful watchlist 8 get request for user: childrenofmen
20:14:02 intersecter.services.scraper - DEBUG - sucessful watchlist 10 get request for user: childrenofmen
20:14:02 intersecter.services.scraper - DEBUG - sucessful watchlist 6 get request for user: abigailwattx
20:14:02 intersecter.services.scraper - DEBUG - sucessful watchlist 7 get request for user: willhunting
20:14:02 intersecter.services.scraper - DEBUG - sucessful watchlist 6 get request for user: sophiedarcy
20:14:02 intersecter.services.scraper - DEBUG - sucessful watchlist 7 get request for user: abigailwattx
20:14:02 intersecter.services.scraper - DEBUG - sucessful watchlist 8 get request for user: willhunting
20:14:02 intersecter.services.scraper - DEBUG - sucessful watchlist 8 get request for user: abigailwattx
20:14:02 intersecter.services.scraper - DEBUG - sucessful watchlist 12 get request for user: childrenofmen
20:14:02 intersecter.services.scraper - DEBUG - sucessful watchlist 9 get request for user: sophiedarcy
20:14:02 intersecter.services.scraper - DEBUG - sucessful watchlist 13 get request for user: childrenofmen
20:14:02 intersecter.services.scraper - DEBUG - sucessful watchlist 8 get request for user: sophiedarcy
20:14:02 intersecter.services.scraper - DEBUG - sucessful watchlist 8 get request for user: jonathanfujii
20:14:02 intersecter.services.scraper - DEBUG - sucessful watchlist 9 get request for user: jonathanfujii
20:14:02 intersecter.services.scraper - DEBUG - sucessful watchlist 9 get request for user: willhunting
20:14:02 intersecter.services.scraper - DEBUG - sucessful watchlist 10 get request for user: sophiedarcy
20:14:02 intersecter.services.scraper - DEBUG - sucessful watchlist 9 get request for user: abigailwattx
20:14:02 intersecter.services.scraper - DEBUG - sucessful watchlist 14 get request for user: childrenofmen
20:14:02 intersecter.services.scraper - DEBUG - sucessful watchlist 10 get request for user: abigailwattx
20:14:02 intersecter.services.scraper - DEBUG - sucessful watchlist 11 get request for user: childrenofmen
20:14:02 intersecter.services.scraper - DEBUG - sucessful watchlist 11 get request for user: willhunting
20:14:02 intersecter.services.scraper - DEBUG - sucessful watchlist 10 get request for user: jonathanfujii
20:14:02 intersecter.services.scraper - DEBUG - sucessful watchlist 10 get request for user: willhunting
20:14:02 intersecter.services.scraper - DEBUG - sucessful watchlist 7 get request for user: sophiedarcy
20:14:02 intersecter.services.scraper - DEBUG - sucessful watchlist 11 get request for user: jonathanfujii
20:14:02 intersecter.services.scraper - DEBUG - sucessful watchlist 15 get request for user: childrenofmen
20:14:02 intersecter.services.scraper - DEBUG - sucessful watchlist 7 get request for user: jonathanfujii
20:14:02 intersecter.services.scraper - DEBUG - sucessful watchlist 11 get request for user: abigailwattx
20:14:02 intersecter.services.scraper - DEBUG - sucessful watchlist 11 get request for user: sophiedarcy
20:14:02 intersecter.services.scraper - DEBUG - sucessful watchlist 13 get request for user: willhunting
20:14:02 intersecter.services.scraper - DEBUG - sucessful watchlist 15 get request for user: willhunting
20:14:02 intersecter.services.scraper - DEBUG - sucessful watchlist 12 get request for user: jonathanfujii
20:14:02 intersecter.services.scraper - DEBUG - sucessful watchlist 17 get request for user: childrenofmen
20:14:02 intersecter.services.scraper - DEBUG - sucessful watchlist 12 get request for user: sophiedarcy
20:14:02 intersecter.services.scraper - DEBUG - sucessful watchlist 12 get request for user: willhunting
20:14:02 intersecter.services.scraper - DEBUG - sucessful watchlist 14 get request for user: jonathanfujii
20:14:02 intersecter.services.scraper - DEBUG - sucessful watchlist 16 get request for user: childrenofmen
20:14:02 intersecter.services.scraper - DEBUG - sucessful watchlist 20 get request for user: childrenofmen
20:14:02 intersecter.services.scraper - DEBUG - sucessful watchlist 15 get request for user: jonathanfujii
20:14:02 intersecter.services.scraper - DEBUG - sucessful watchlist 19 get request for user: childrenofmen
20:14:02 intersecter.services.scraper - DEBUG - sucessful watchlist 14 get request for user: willhunting
20:14:02 intersecter.services.scraper - DEBUG - sucessful watchlist 18 get request for user: childrenofmen
20:14:02 intersecter.services.scraper - DEBUG - sucessful watchlist 13 get request for user: sophiedarcy
20:14:02 intersecter.services.scraper - DEBUG - sucessful watchlist 14 get request for user: sophiedarcy
20:14:02 intersecter.services.scraper - DEBUG - sucessful watchlist 13 get request for user: jonathanfujii
20:14:02 intersecter.services.scraper - DEBUG - sucessful watchlist 15 get request for user: sophiedarcy
20:14:02 intersecter.services.scraper - DEBUG - sucessful watchlist 16 get request for user: sophiedarcy
20:14:02 intersecter.services.scraper - DEBUG - sucessful watchlist 22 get request for user: childrenofmen
20:14:02 intersecter.services.scraper - DEBUG - sucessful watchlist 19 get request for user: sophiedarcy
20:14:02 intersecter.services.scraper - DEBUG - sucessful watchlist 24 get request for user: childrenofmen
20:14:02 intersecter.services.scraper - DEBUG - sucessful watchlist 18 get request for user: sophiedarcy
20:14:02 intersecter.services.scraper - DEBUG - sucessful watchlist 21 get request for user: childrenofmen
20:14:02 intersecter.services.scraper - DEBUG - sucessful watchlist 25 get request for user: childrenofmen
20:14:02 intersecter.services.scraper - DEBUG - sucessful watchlist 20 get request for user: sophiedarcy
20:14:02 intersecter.services.scraper - DEBUG - sucessful watchlist 17 get request for user: sophiedarcy
20:14:02 intersecter.services.scraper - DEBUG - sucessful watchlist 23 get request for user: childrenofmen
20:14:02 intersecter.services.scraper - DEBUG - sucessful watchlist 21 get request for user: sophiedarcy
20:14:02 intersecter.services.scraper - DEBUG - sucessful watchlist 26 get request for user: childrenofmen
20:14:02 intersecter.services.scraper - DEBUG - sucessful watchlist 27 get request for user: childrenofmen
20:14:02 intersecter.services.scraper - DEBUG - sucessful watchlist 22 get request for user: sophiedarcy
20:14:02 intersecter.services.scraper - DEBUG - sucessful watchlist 23 get request for user: sophiedarcy
20:14:02 intersecter.services.scraper - DEBUG - sucessful watchlist 29 get request for user: childrenofmen
20:14:02 intersecter.services.scraper - DEBUG - sucessful watchlist 28 get request for user: childrenofmen
20:14:02 intersecter.services.scraper - DEBUG - sucessful watchlist 24 get request for user: sophiedarcy
20:14:02 intersecter.services.scraper - DEBUG - sucessful watchlist 32 get request for user: childrenofmen
20:14:02 intersecter.services.scraper - DEBUG - sucessful watchlist 30 get request for user: childrenofmen
20:14:02 intersecter.services.scraper - DEBUG - sucessful watchlist 31 get request for user: childrenofmen
20:14:02 intersecter.services.scraper - DEBUG - sucessful watchlist 33 get request for user: childrenofmen
20:14:02 intersecter.services.scraper - DEBUG - sucessful watchlist 0 get request for user: will_sloan
20:14:02 intersecter.services.scraper - DEBUG - sucessful watchlist 0 get request for user: henryspencerirl
20:14:02 intersecter.services.scraper - DEBUG - sucessful watchlist 0 get request for user: brat
20:14:02 intersecter.services.scraper - DEBUG - sucessful watchlist 1 get request for user: will_sloan
20:14:02 intersecter.services.scraper - DEBUG - sucessful watchlist 2 get request for user: will_sloan
20:14:02 intersecter.services.scraper - DEBUG - sucessful watchlist 5 get request for user: will_sloan
20:14:02 intersecter.services.scraper - DEBUG - sucessful watchlist 1 get request for user: henryspencerirl
20:14:02 intersecter.services.scraper - DEBUG - sucessful watchlist 2 get request for user: brat
20:14:02 intersecter.services.scraper - DEBUG - sucessful watchlist 4 get request for user: will_sloan
20:14:02 intersecter.services.scraper - DEBUG - sucessful watchlist 3 get request for user: will_sloan
20:14:02 intersecter.services.scraper - DEBUG - sucessful watchlist 0 get request for user: ceryslovesfilm
20:14:02 intersecter.services.scraper - DEBUG - sucessful watchlist 6 get request for user: will_sloan
20:14:02 intersecter.services.scraper - DEBUG - sucessful watchlist 4 get request for user: henryspencerirl
20:14:02 intersecter.services.scraper - DEBUG - sucessful watchlist 3 get request for user: brat
20:14:02 intersecter.services.scraper - DEBUG - sucessful watchlist 4 get request for user: brat
20:14:02 intersecter.services.scraper - DEBUG - sucessful watchlist 0 get request for user: moviesrtherapy
20:14:02 intersecter.services.scraper - DEBUG - sucessful watchlist 1 get request for user: brat
20:14:02 intersecter.services.scraper - DEBUG - sucessful watchlist 2 get request for user: henryspencerirl
20:14:02 intersecter.services.scraper - DEBUG - sucessful watchlist 5 get request for user: henryspencerirl
20:14:02 intersecter.services.scraper - DEBUG - sucessful watchlist 3 get request for user: henryspencerirl
20:14:02 intersecter.services.scraper - DEBUG - sucessful watchlist 8 get request for user: will_sloan
20:14:02 intersecter.services.scraper - DEBUG - sucessful watchlist 6 get request for user: henryspencerirl
20:14:02 intersecter.services.scraper - DEBUG - sucessful watchlist 7 get request for user: will_sloan
20:14:02 intersecter.services.scraper - DEBUG - sucessful watchlist 5 get request for user: brat
20:14:02 intersecter.services.scraper - DEBUG - sucessful watchlist 10 get request for user: will_sloan
20:14:02 intersecter.services.scraper - DEBUG - sucessful watchlist 9 get request for user: will_sloan
20:14:02 intersecter.services.scraper - DEBUG - sucessful watchlist 6 get request for user: brat
20:14:02 intersecter.services.scraper - DEBUG - sucessful watchlist 11 get request for user: will_sloan
20:14:02 intersecter.services.scraper - DEBUG - sucessful watchlist 7 get request for user: henryspencerirl
20:14:02 intersecter.services.scraper - DEBUG - sucessful watchlist 7 get request for user: brat
20:14:02 intersecter.services.scraper - DEBUG - sucessful watchlist 8 get request for user: brat
20:14:02 intersecter.services.scraper - DEBUG - sucessful watchlist 1 get request for user: moviesrtherapy
20:14:02 intersecter.services.scraper - DEBUG - sucessful watchlist 1 get request for user: ceryslovesfilm
20:14:02 intersecter.services.scraper - DEBUG - sucessful watchlist 11 get request for user: henryspencerirl
20:14:02 intersecter.services.scraper - DEBUG - sucessful watchlist 8 get request for user: henryspencerirl
20:14:02 intersecter.services.scraper - DEBUG - sucessful watchlist 12 get request for user: will_sloan
20:14:02 intersecter.services.scraper - DEBUG - sucessful watchlist 2 get request for user: ceryslovesfilm
20:14:02 intersecter.services.scraper - DEBUG - sucessful watchlist 13 get request for user: will_sloan
20:14:02 intersecter.services.scraper - DEBUG - sucessful watchlist 4 get request for user: ceryslovesfilm
20:14:02 intersecter.services.scraper - DEBUG - sucessful watchlist 9 get request for user: henryspencerirl
20:14:02 intersecter.services.scraper - DEBUG - sucessful watchlist 3 get request for user: ceryslovesfilm
20:14:02 intersecter.services.scraper - DEBUG - sucessful watchlist 10 get request for user: henryspencerirl
20:14:02 intersecter.services.scraper - DEBUG - sucessful watchlist 10 get request for user: brat
20:14:02 intersecter.services.scraper - DEBUG - sucessful watchlist 14 get request for user: will_sloan
20:14:02 intersecter.services.scraper - DEBUG - sucessful watchlist 5 get request for user: ceryslovesfilm
20:14:02 intersecter.services.scraper - DEBUG - sucessful watchlist 15 get request for user: will_sloan
20:14:02 intersecter.services.scraper - DEBUG - sucessful watchlist 9 get request for user: brat
20:14:02 intersecter.services.scraper - DEBUG - sucessful watchlist 2 get request for user: moviesrtherapy
20:14:02 intersecter.services.scraper - DEBUG - sucessful watchlist 3 get request for user: moviesrtherapy
20:14:02 intersecter.services.scraper - DEBUG - sucessful watchlist 5 get request for user: moviesrtherapy
20:14:02 intersecter.services.scraper - DEBUG - sucessful watchlist 4 get request for user: moviesrtherapy
20:14:02 intersecter.services.scraper - DEBUG - sucessful watchlist 11 get request for user: brat
20:14:02 intersecter.services.scraper - DEBUG - sucessful watchlist 12 get request for user: henryspencerirl
20:14:02 intersecter.services.scraper - DEBUG - sucessful watchlist 16 get request for user: will_sloan
20:14:02 intersecter.services.scraper - DEBUG - sucessful watchlist 12 get request for user: brat
20:14:02 intersecter.services.scraper - DEBUG - sucessful watchlist 13 get request for user: brat
20:14:02 intersecter.services.scraper - DEBUG - sucessful watchlist 6 get request for user: moviesrtherapy
20:14:02 intersecter.services.scraper - DEBUG - sucessful watchlist 14 get request for user: henryspencerirl
20:14:02 intersecter.services.scraper - DEBUG - sucessful watchlist 17 get request for user: will_sloan
20:14:02 intersecter.services.scraper - DEBUG - sucessful watchlist 13 get request for user: henryspencerirl
20:14:02 intersecter.services.scraper - DEBUG - sucessful watchlist 18 get request for user: will_sloan
20:14:02 intersecter.services.scraper - DEBUG - sucessful watchlist 6 get request for user: ceryslovesfilm
20:14:02 intersecter.services.scraper - DEBUG - sucessful watchlist 15 get request for user: henryspencerirl
20:14:02 intersecter.services.scraper - DEBUG - sucessful watchlist 8 get request for user: ceryslovesfilm
20:14:02 intersecter.services.scraper - DEBUG - sucessful watchlist 7 get request for user: ceryslovesfilm
20:14:02 intersecter.services.scraper - DEBUG - sucessful watchlist 16 get request for user: henryspencerirl
20:14:02 intersecter.services.scraper - DEBUG - sucessful watchlist 9 get request for user: ceryslovesfilm
20:14:02 intersecter.services.scraper - DEBUG - sucessful watchlist 14 get request for user: brat
20:14:02 intersecter.services.scraper - DEBUG - sucessful watchlist 20 get request for user: will_sloan
20:14:02 intersecter.services.scraper - DEBUG - sucessful watchlist 19 get request for user: will_sloan
20:14:02 intersecter.services.scraper - DEBUG - sucessful watchlist 15 get request for user: brat
20:14:02 intersecter.services.scraper - DEBUG - sucessful watchlist 10 get request for user: ceryslovesfilm
20:14:02 intersecter.services.scraper - DEBUG - sucessful watchlist 22 get request for user: will_sloan
20:14:02 intersecter.services.scraper - DEBUG - sucessful watchlist 17 get request for user: henryspencerirl
20:14:02 intersecter.services.scraper - DEBUG - sucessful watchlist 7 get request for user: moviesrtherapy
20:14:02 intersecter.services.scraper - DEBUG - sucessful watchlist 8 get request for user: moviesrtherapy
20:14:02 intersecter.services.scraper - DEBUG - sucessful watchlist 23 get request for user: will_sloan
20:14:02 intersecter.services.scraper - DEBUG - sucessful watchlist 10 get request for user: moviesrtherapy
20:14:02 intersecter.services.scraper - DEBUG - sucessful watchlist 9 get request for user: moviesrtherapy
20:14:02 intersecter.services.scraper - DEBUG - sucessful watchlist 13 get request for user: ceryslovesfilm
20:14:02 intersecter.services.scraper - DEBUG - sucessful watchlist 21 get request for user: will_sloan
20:14:02 intersecter.services.scraper - DEBUG - sucessful watchlist 24 get request for user: will_sloan
20:14:02 intersecter.services.scraper - DEBUG - sucessful watchlist 14 get request for user: ceryslovesfilm
20:14:02 intersecter.services.scraper - DEBUG - sucessful watchlist 11 get request for user: ceryslovesfilm
20:14:02 intersecter.services.scraper - DEBUG - sucessful watchlist 12 get request for user: ceryslovesfilm
20:14:02 intersecter.services.scraper - DEBUG - sucessful watchlist 11 get request for user: moviesrtherapy
20:14:02 intersecter.services.scraper - DEBUG - sucessful watchlist 25 get request for user: will_sloan
20:14:02 intersecter.services.scraper - DEBUG - sucessful watchlist 27 get request for user: will_sloan
20:14:02 intersecter.services.scraper - DEBUG - sucessful watchlist 13 get request for user: moviesrtherapy
20:14:02 intersecter.services.scraper - DEBUG - sucessful watchlist 14 get request for user: moviesrtherapy
20:14:02 intersecter.services.scraper - DEBUG - sucessful watchlist 26 get request for user: will_sloan
20:14:02 intersecter.services.scraper - DEBUG - sucessful watchlist 28 get request for user: will_sloan
20:14:02 intersecter.services.scraper - DEBUG - sucessful watchlist 15 get request for user: moviesrtherapy
20:14:02 intersecter.services.scraper - DEBUG - sucessful watchlist 12 get request for user: moviesrtherapy
20:14:02 intersecter.services.scraper - DEBUG - sucessful watchlist 29 get request for user: will_sloan
20:14:02 intersecter.services.scraper - DEBUG - sucessful watchlist 16 get request for user: moviesrtherapy
20:14:02 intersecter.services.scraper - DEBUG - sucessful watchlist 17 get request for user: moviesrtherapy
20:14:02 intersecter.services.scraper - DEBUG - sucessful watchlist 31 get request for user: will_sloan
20:14:02 intersecter.services.scraper - DEBUG - sucessful watchlist 32 get request for user: will_sloan
20:14:02 intersecter.services.scraper - DEBUG - sucessful watchlist 18 get request for user: moviesrtherapy
20:14:02 intersecter.services.scraper - DEBUG - sucessful watchlist 30 get request for user: will_sloan
20:14:02 intersecter.services.scraper - DEBUG - sucessful watchlist 20 get request for user: moviesrtherapy
20:14:02 intersecter.services.scraper - DEBUG - sucessful watchlist 19 get request for user: moviesrtherapy
20:14:02 intersecter.services.scraper - DEBUG - sucessful watchlist 0 get request for user: abigailwattx
20:14:02 intersecter.services.scraper - DEBUG - sucessful watchlist 0 get request for user: sophiedarcy
20:14:02 intersecter.services.scraper - DEBUG - sucessful watchlist 0 get request for user: willhunting
20:14:02 intersecter.services.scraper - DEBUG - sucessful watchlist 0 get request for user: childrenofmen
20:14:02 intersecter.services.scraper - DEBUG - sucessful watchlist 0 get request for user: jonathanfujii
20:14:02 intersecter.services.scraper - DEBUG - sucessful watchlist 1 get request for user: sophiedarcy
20:14:02 intersecter.services.scraper - DEBUG - sucessful watchlist 1 get request for user: jonathanfujii
20:14:02 intersecter.services.scraper - DEBUG - sucessful watchlist 1 get request for user: childrenofmen
20:14:02 intersecter.services.scraper - DEBUG - sucessful watchlist 2 get request for user: abigailwattx
20:14:02 intersecter.services.scraper - DEBUG - sucessful watchlist 2 get request for user: sophiedarcy
20:14:02 intersecter.services.scraper - DEBUG - sucessful watchlist 3 get request for user: willhunting
20:14:02 intersecter.services.scraper - DEBUG - sucessful watchlist 3 get request for user: sophiedarcy
20:14:02 intersecter.services.scraper - DEBUG - sucessful watchlist 4 get request for user: childrenofmen
20:14:02 intersecter.services.scraper - DEBUG - sucessful watchlist 5 get request for user: abigailwattx
20:14:02 intersecter.services.scraper - DEBUG - sucessful watchlist 2 get request for user: childrenofmen
20:14:02 intersecter.services.scraper - DEBUG - sucessful watchlist 5 get request for user: jonathanfujii
20:14:02 intersecter.services.scraper - DEBUG - sucessful watchlist 5 get request for user: willhunting
20:14:02 intersecter.services.scraper - DEBUG - sucessful watchlist 6 get request for user: sophiedarcy
20:14:02 intersecter.services.scraper - DEBUG - sucessful watchlist 2 get request for user: jonathanfujii
20:14:02 intersecter.services.scraper - DEBUG - sucessful watchlist 5 get request for user: childrenofmen
20:14:02 intersecter.services.scraper - DEBUG - sucessful watchlist 3 get request for user: childrenofmen
20:14:02 intersecter.services.scraper - DEBUG - sucessful watchlist 6 get request for user: abigailwattx
20:14:02 intersecter.services.scraper - DEBUG - sucessful watchlist 7 get request for user: sophiedarcy
20:14:02 intersecter.services.scraper - DEBUG - sucessful watchlist 3 get request for user: abigailwattx
20:14:02 intersecter.services.scraper - DEBUG - sucessful watchlist 8 get request for user: sophiedarcy
20:14:02 intersecter.services.scraper - DEBUG - sucessful watchlist 7 get request for user: childrenofmen
20:14:02 intersecter.services.scraper - DEBUG - sucessful watchlist 6 get request for user: jonathanfujii
20:14:02 intersecter.services.scraper - DEBUG - sucessful watchlist 2 get request for user: willhunting
20:14:02 intersecter.services.scraper - DEBUG - sucessful watchlist 3 get request for user: jonathanfujii
20:14:02 intersecter.services.scraper - DEBUG - sucessful watchlist 1 get request for user: willhunting
20:14:02 intersecter.services.scraper - DEBUG - sucessful watchlist 6 get request for user: willhunting
20:14:02 intersecter.services.scraper - DEBUG - sucessful watchlist 1 get request for user: abigailwattx
20:14:02 intersecter.services.scraper - DEBUG - sucessful watchlist 4 get request for user: abigailwattx
20:14:02 intersecter.services.scraper - DEBUG - sucessful watchlist 4 get request for user: willhunting
20:14:02 intersecter.services.scraper - DEBUG - sucessful watchlist 8 get request for user: childrenofmen
20:14:02 intersecter.services.scraper - DEBUG - sucessful watchlist 4 get request for user: sophiedarcy
20:14:02 intersecter.services.scraper - DEBUG - sucessful watchlist 5 get request for user: sophiedarcy
20:14:02 intersecter.services.scraper - DEBUG - sucessful watchlist 4 get request for user: jonathanfujii
20:14:02 intersecter.services.scraper - DEBUG - sucessful watchlist 7 get request for user: jonathanfujii
20:14:02 intersecter.services.scraper - DEBUG - sucessful watchlist 6 get request for user: childrenofmen
20:14:02 intersecter.services.scraper - DEBUG - sucessful watchlist 7 get request for user: willhunting
20:14:02 intersecter.services.scraper - DEBUG - sucessful watchlist 7 get request for user: abigailwattx
20:14:02 intersecter.services.scraper - DEBUG - sucessful watchlist 9 get request for user: childrenofmen
20:14:02 intersecter.services.scraper - DEBUG - sucessful watchlist 9 get request for user: sophiedarcy
20:14:02 intersecter.services.scraper - DEBUG - sucessful watchlist 8 get request for user: jonathanfujii
20:14:02 intersecter.services.scraper - DEBUG - sucessful watchlist 11 get request for user: sophiedarcy
20:14:02 intersecter.services.scraper - DEBUG - sucessful watchlist 8 get request for user: abigailwattx
20:14:02 intersecter.services.scraper - DEBUG - sucessful watchlist 8 get request for user: willhunting
20:14:02 intersecter.services.scraper - DEBUG - sucessful watchlist 10 get request for user: childrenofmen
20:14:02 intersecter.services.scraper - DEBUG - sucessful watchlist 10 get request for user: sophiedarcy
20:14:02 intersecter.services.scraper - DEBUG - sucessful watchlist 11 get request for user: childrenofmen
20:14:02 intersecter.services.scraper - DEBUG - sucessful watchlist 9 get request for user: jonathanfujii
20:14:02 intersecter.services.scraper - DEBUG - sucessful watchlist 11 get request for user: willhunting
20:14:02 intersecter.services.scraper - DEBUG - sucessful watchlist 9 get request for user: abigailwattx
20:14:02 intersecter.services.scraper - DEBUG - sucessful watchlist 11 get request for user: jonathanfujii
20:14:02 intersecter.services.scraper - DEBUG - sucessful watchlist 9 get request for user: willhunting
20:14:02 intersecter.services.scraper - DEBUG - sucessful watchlist 10 get request for user: jonathanfujii
20:14:02 intersecter.services.scraper - DEBUG - sucessful watchlist 10 get request for user: willhunting
20:14:02 intersecter.services.scraper - DEBUG - sucessful watchlist 14 get request for user: childrenofmen
20:14:02 intersecter.services.scraper - DEBUG - sucessful watchlist 10 get request for user: abigailwattx
20:14:02 intersecter.services.scraper - DEBUG - sucessful watchlist 12 get request for user: childrenofmen
20:14:02 intersecter.services.scraper - DEBUG - sucessful watchlist 13 get request for user: childrenofmen
20:14:02 intersecter.services.scraper - DEBUG - sucessful watchlist 13 get request for user: willhunting
20:14:02 intersecter.services.scraper - DEBUG - sucessful watchlist 11 get request for user: abigailwattx
20:14:02 intersecter.services.scraper - DEBUG - sucessful watchlist 12 get request for user: jonathanfujii
20:14:02 intersecter.services.scraper - DEBUG - sucessful watchlist 13 get request for user: sophiedarcy
20:14:02 intersecter.services.scraper - DEBUG - sucessful watchlist 13 get request for user: jonathanfujii
20:14:02 intersecter.services.scraper - DEBUG - sucessful watchlist 14 get request for user: sophiedarcy
20:14:02 intersecter.services.scraper - DEBUG - sucessful watchlist 15 get request for user: childrenofmen
20:14:02 intersecter.services.scraper - DEBUG - sucessful watchlist 12 get request for user: sophiedarcy
20:14:02 intersecter.services.scraper - DEBUG - sucessful watchlist 12 get request for user: willhunting
20:14:02 intersecter.services.scraper - DEBUG - sucessful watchlist 15 get request for user: jonathanfujii
20:14:02 intersecter.services.scraper - DEBUG - sucessful watchlist 15 get request for user: sophiedarcy
20:14:02 intersecter.services.scraper - DEBUG - sucessful watchlist 15 get request for user: willhunting
20:14:02 intersecter.services.scraper - DEBUG - sucessful watchlist 18 get request for user: childrenofmen
20:14:02 intersecter.services.scraper - DEBUG - sucessful watchlist 14 get request for user: willhunting
20:14:02 intersecter.services.scraper - DEBUG - sucessful watchlist 19 get request for user: childrenofmen
20:14:02 intersecter.services.scraper - DEBUG - sucessful watchlist 16 get request for user: childrenofmen
20:14:02 intersecter.services.scraper - DEBUG - sucessful watchlist 16 get request for user: sophiedarcy
20:14:02 intersecter.services.scraper - DEBUG - sucessful watchlist 17 get request for user: childrenofmen
20:14:02 intersecter.services.scraper - DEBUG - sucessful watchlist 14 get request for user: jonathanfujii
20:14:02 intersecter.services.scraper - DEBUG - sucessful watchlist 20 get request for user: childrenofmen
20:14:02 intersecter.services.scraper - DEBUG - sucessful watchlist 18 get request for user: sophiedarcy
20:14:02 intersecter.services.scraper - DEBUG - sucessful watchlist 21 get request for user: childrenofmen
20:14:02 intersecter.services.scraper - DEBUG - sucessful watchlist 19 get request for user: sophiedarcy
20:14:02 intersecter.services.scraper - DEBUG - sucessful watchlist 17 get request for user: sophiedarcy
20:14:02 intersecter.services.scraper - DEBUG - sucessful watchlist 22 get request for user: childrenofmen
20:14:02 intersecter.services.scraper - DEBUG - sucessful watchlist 23 get request for user: childrenofmen
20:14:02 intersecter.services.scraper - DEBUG - sucessful watchlist 20 get request for user: sophiedarcy
20:14:02 intersecter.services.scraper - DEBUG - sucessful watchlist 21 get request for user: sophiedarcy
20:14:02 intersecter.services.scraper - DEBUG - sucessful watchlist 24 get request for user: childrenofmen
20:14:02 intersecter.services.scraper - DEBUG - sucessful watchlist 25 get request for user: childrenofmen
20:14:02 intersecter.services.scraper - DEBUG - sucessful watchlist 26 get request for user: childrenofmen
20:14:02 intersecter.services.scraper - DEBUG - sucessful watchlist 22 get request for user: sophiedarcy
20:14:02 intersecter.services.scraper - DEBUG - sucessful watchlist 24 get request for user: sophiedarcy
20:14:02 intersecter.services.scraper - DEBUG - sucessful watchlist 23 get request for user: sophiedarcy
20:14:02 intersecter.services.scraper - DEBUG - sucessful watchlist 27 get request for user: childrenofmen
20:14:02 intersecter.services.scraper - DEBUG - sucessful watchlist 28 get request for user: childrenofmen
20:14:02 intersecter.services.scraper - DEBUG - sucessful watchlist 29 get request for user: childrenofmen
20:14:02 intersecter.services.scraper - DEBUG - sucessful watchlist 31 get request for user: childrenofmen
20:14:02 intersecter.services.scraper - DEBUG - sucessful watchlist 30 get request for user: childrenofmen
20:14:02 intersecter.services.scraper - DEBUG - sucessful watchlist 33 get request for user: childrenofmen
20:14:02 intersecter.services.scraper - DEBUG - sucessful watchlist 32 get request for user: childrenofmen
20:14:02 intersecter.services.scraper - DEBUG - sucessful watchlist 0 get request for user: ceryslovesfilm
20:14:02 intersecter.services.scraper - DEBUG - sucessful watchlist 0 get request for user: will_sloan
20:14:02 intersecter.services.scraper - DEBUG - sucessful watchlist 0 get request for user: moviesrtherapy
20:14:02 intersecter.services.scraper - DEBUG - sucessful watchlist 0 get request for user: brat
20:14:02 intersecter.services.scraper - DEBUG - sucessful watchlist 0 get request for user: henryspencerirl
20:14:02 intersecter.services.scraper - DEBUG - sucessful watchlist 1 get request for user: ceryslovesfilm
20:14:02 intersecter.services.scraper - DEBUG - sucessful watchlist 3 get request for user: ceryslovesfilm
20:14:02 intersecter.services.scraper - DEBUG - sucessful watchlist 5 get request for user: ceryslovesfilm
20:14:02 intersecter.services.scraper - DEBUG - sucessful watchlist 2 get request for user: ceryslovesfilm
20:14:02 intersecter.services.scraper - DEBUG - sucessful watchlist 1 get request for user: brat
20:14:02 intersecter.services.scraper - DEBUG - sucessful watchlist 4 get request for user: ceryslovesfilm
20:14:02 intersecter.services.scraper - DEBUG - sucessful watchlist 1 get request for user: moviesrtherapy
20:14:02 intersecter.services.scraper - DEBUG - sucessful watchlist 6 get request for user: ceryslovesfilm
20:14:02 intersecter.services.scraper - DEBUG - sucessful watchlist 3 get request for user: brat
20:14:02 intersecter.services.scraper - DEBUG - sucessful watchlist 4 get request for user: brat
20:14:02 intersecter.services.scraper - DEBUG - sucessful watchlist 1 get request for user: henryspencerirl
20:14:02 intersecter.services.scraper - DEBUG - sucessful watchlist 2 get request for user: henryspencerirl
20:14:02 intersecter.services.scraper - DEBUG - sucessful watchlist 2 get request for user: will_sloan
20:14:02 intersecter.services.scraper - DEBUG - sucessful watchlist 1 get request for user: will_sloan
20:14:02 intersecter.services.scraper - DEBUG - sucessful watchlist 2 get request for user: moviesrtherapy
20:14:02 intersecter.services.scraper - DEBUG - sucessful watchlist 4 get request for user: henryspencerirl
20:14:02 intersecter.services.scraper - DEBUG - sucessful watchlist 5 get request for user: moviesrtherapy
20:14:02 intersecter.services.scraper - DEBUG - sucessful watchlist 7 get request for user: ceryslovesfilm
20:14:02 intersecter.services.scraper - DEBUG - sucessful watchlist 5 get request for user: henryspencerirl
20:14:02 intersecter.services.scraper - DEBUG - sucessful watchlist 3 get request for user: henryspencerirl
20:14:02 intersecter.services.scraper - DEBUG - sucessful watchlist 4 get request for user: will_sloan
20:14:02 intersecter.services.scraper - DEBUG - sucessful watchlist 3 get request for user: moviesrtherapy
20:14:02 intersecter.services.scraper - DEBUG - sucessful watchlist 5 get request for user: brat
20:14:02 intersecter.services.scraper - DEBUG - sucessful watchlist 2 get request for user: brat
20:14:02 intersecter.services.scraper - DEBUG - sucessful watchlist 5 get request for user: will_sloan
20:14:02 intersecter.services.scraper - DEBUG - sucessful watchlist 3 get request for user: will_sloan
20:14:02 intersecter.services.scraper - DEBUG - sucessful watchlist 8 get request for user: ceryslovesfilm
20:14:02 intersecter.services.scraper - DEBUG - sucessful watchlist 6 get request for user: brat
20:14:02 intersecter.services.scraper - DEBUG - sucessful watchlist 6 get request for user: moviesrtherapy
20:14:02 intersecter.services.scraper - DEBUG - sucessful watchlist 10 get request for user: ceryslovesfilm
20:14:02 intersecter.services.scraper - DEBUG - sucessful watchlist 9 get request for user: ceryslovesfilm
20:14:02 intersecter.services.scraper - DEBUG - sucessful watchlist 4 get request for user: moviesrtherapy
20:14:02 intersecter.services.scraper - DEBUG - sucessful watchlist 7 get request for user: henryspencerirl
20:14:02 intersecter.services.scraper - DEBUG - sucessful watchlist 11 get request for user: ceryslovesfilm
20:14:02 intersecter.services.scraper - DEBUG - sucessful watchlist 7 get request for user: brat
20:14:02 intersecter.services.scraper - DEBUG - sucessful watchlist 6 get request for user: will_sloan
20:14:02 intersecter.services.scraper - DEBUG - sucessful watchlist 8 get request for user: brat
20:14:02 intersecter.services.scraper - DEBUG - sucessful watchlist 9 get request for user: moviesrtherapy
20:14:02 intersecter.services.scraper - DEBUG - sucessful watchlist 6 get request for user: henryspencerirl
20:14:02 intersecter.services.scraper - DEBUG - sucessful watchlist 11 get request for user: brat
20:14:02 intersecter.services.scraper - DEBUG - sucessful watchlist 8 get request for user: will_sloan
20:14:02 intersecter.services.scraper - DEBUG - sucessful watchlist 10 get request for user: henryspencerirl
20:14:02 intersecter.services.scraper - DEBUG - sucessful watchlist 8 get request for user: henryspencerirl
20:14:02 intersecter.services.scraper - DEBUG - sucessful watchlist 7 get request for user: moviesrtherapy
20:14:02 intersecter.services.scraper - DEBUG - sucessful watchlist 9 get request for user: will_sloan
20:14:02 intersecter.services.scraper - DEBUG - sucessful watchlist 10 get request for user: moviesrtherapy
20:14:02 intersecter.services.scraper - DEBUG - sucessful watchlist 10 get request for user: brat
20:14:02 intersecter.services.scraper - DEBUG - sucessful watchlist 8 get request for user: moviesrtherapy
20:14:02 intersecter.services.scraper - DEBUG - sucessful watchlist 7 get request for user: will_sloan
20:14:02 intersecter.services.scraper - DEBUG - sucessful watchlist 12 get request for user: ceryslovesfilm
20:14:02 intersecter.services.scraper - DEBUG - sucessful watchlist 9 get request for user: henryspencerirl
20:14:02 intersecter.services.scraper - DEBUG - sucessful watchlist 10 get request for user: will_sloan
20:14:02 intersecter.services.scraper - DEBUG - sucessful watchlist 13 get request for user: ceryslovesfilm
20:14:02 intersecter.services.scraper - DEBUG - sucessful watchlist 9 get request for user: brat
20:14:02 intersecter.services.scraper - DEBUG - sucessful watchlist 14 get request for user: ceryslovesfilm
20:14:02 intersecter.services.scraper - DEBUG - sucessful watchlist 13 get request for user: brat
20:14:02 intersecter.services.scraper - DEBUG - sucessful watchlist 14 get request for user: moviesrtherapy
20:14:02 intersecter.services.scraper - DEBUG - sucessful watchlist 15 get request for user: moviesrtherapy
20:14:02 intersecter.services.scraper - DEBUG - sucessful watchlist 12 get request for user: henryspencerirl
20:14:02 intersecter.services.scraper - DEBUG - sucessful watchlist 15 get request for user: will_sloan
20:14:02 intersecter.services.scraper - DEBUG - sucessful watchlist 12 get request for user: moviesrtherapy
20:14:02 intersecter.services.scraper - DEBUG - sucessful watchlist 12 get request for user: brat
20:14:02 intersecter.services.scraper - DEBUG - sucessful watchlist 15 get request for user: henryspencerirl
20:14:02 intersecter.services.scraper - DEBUG - sucessful watchlist 14 get request for user: henryspencerirl
20:14:02 intersecter.services.scraper - DEBUG - sucessful watchlist 13 get request for user: henryspencerirl
20:14:02 intersecter.services.scraper - DEBUG - sucessful watchlist 13 get request for user: will_sloan
20:14:02 intersecter.services.scraper - DEBUG - sucessful watchlist 14 get request for user: will_sloan
20:14:02 intersecter.services.scraper - DEBUG - sucessful watchlist 14 get request for user: brat
20:14:02 intersecter.services.scraper - DEBUG - sucessful watchlist 11 get request for user: henryspencerirl
20:14:02 intersecter.services.scraper - DEBUG - sucessful watchlist 12 get request for user: will_sloan
20:14:02 intersecter.services.scraper - DEBUG - sucessful watchlist 13 get request for user: moviesrtherapy
20:14:02 intersecter.services.scraper - DEBUG - sucessful watchlist 11 get request for user: will_sloan
20:14:02 intersecter.services.scraper - DEBUG - sucessful watchlist 15 get request for user: brat
20:14:02 intersecter.services.scraper - DEBUG - sucessful watchlist 11 get request for user: moviesrtherapy
20:14:02 intersecter.services.scraper - DEBUG - sucessful watchlist 19 get request for user: will_sloan
20:14:02 intersecter.services.scraper - DEBUG - sucessful watchlist 17 get request for user: will_sloan
20:14:02 intersecter.services.scraper - DEBUG - sucessful watchlist 18 get request for user: will_sloan
20:14:02 intersecter.services.scraper - DEBUG - sucessful watchlist 16 get request for user: moviesrtherapy
20:14:02 intersecter.services.scraper - DEBUG - sucessful watchlist 16 get request for user: will_sloan
20:14:02 intersecter.services.scraper - DEBUG - sucessful watchlist 19 get request for user: moviesrtherapy
20:14:02 intersecter.services.scraper - DEBUG - sucessful watchlist 17 get request for user: henryspencerirl
20:14:02 intersecter.services.scraper - DEBUG - sucessful watchlist 20 get request for user: moviesrtherapy
20:14:02 intersecter.services.scraper - DEBUG - sucessful watchlist 20 get request for user: will_sloan
20:14:02 intersecter.services.scraper - DEBUG - sucessful watchlist 16 get request for user: henryspencerirl
20:14:02 intersecter.services.scraper - DEBUG - sucessful watchlist 18 get request for user: moviesrtherapy
20:14:02 intersecter.services.scraper - DEBUG - sucessful watchlist 17 get request for user: moviesrtherapy
20:14:02 intersecter.services.scraper - DEBUG - sucessful watchlist 25 get request for user: will_sloan
20:14:02 intersecter.services.scraper - DEBUG - sucessful watchlist 22 get request for user: will_sloan
20:14:02 intersecter.services.scraper - DEBUG - sucessful watchlist 21 get request for user: will_sloan
20:14:02 intersecter.services.scraper - DEBUG - sucessful watchlist 23 get request for user: will_sloan
20:14:02 intersecter.services.scraper - DEBUG - sucessful watchlist 24 get request for user: will_sloan
20:14:02 intersecter.services.scraper - DEBUG - sucessful watchlist 26 get request for user: will_sloan
20:14:02 intersecter.services.scraper - DEBUG - sucessful watchlist 28 get request for user: will_sloan
20:14:02 intersecter.services.scraper - DEBUG - sucessful watchlist 27 get request for user: will_sloan
20:14:02 intersecter.services.scraper - DEBUG - sucessful watchlist 29 get request for user: will_sloan
20:14:02 intersecter.services.scraper - DEBUG - sucessful watchlist 30 get request for user: will_sloan
20:14:02 intersecter.services.scraper - DEBUG - sucessful watchlist 32 get request for user: will_sloan
20:14:02 intersecter.services.scraper - DEBUG - sucessful watchlist 31 get request for user: will_sloan
20:14:02 intersecter.services.scraper - DEBUG - sucessful watchlist 0 get request for user: abigailwattx
20:14:02 intersecter.services.scraper - DEBUG - sucessful watchlist 0 get request for user: childrenofmen
20:14:02 intersecter.services.scraper - DEBUG - sucessful watchlist 0 get request for user: sophiedarcy
20:14:02 intersecter.services.scraper - DEBUG - sucessful watchlist 0 get request for user: jonathanfujii
20:14:02 intersecter.services.scraper - DEBUG - sucessful watchlist 0 get request for user: willhunting
20:14:02 intersecter.services.scraper - DEBUG - sucessful watchlist 1 get request for user: abigailwattx
20:14:02 intersecter.services.scraper - DEBUG - sucessful watchlist 2 get request for user: childrenofmen
20:14:02 intersecter.services.scraper - DEBUG - sucessful watchlist 3 get request for user: abigailwattx
20:14:02 intersecter.services.scraper - DEBUG - sucessful watchlist 2 get request for user: abigailwattx
20:14:02 intersecter.services.scraper - DEBUG - sucessful watchlist 4 get request for user: abigailwattx
20:14:02 intersecter.services.scraper - DEBUG - sucessful watchlist 2 get request for user: sophiedarcy
20:14:02 intersecter.services.scraper - DEBUG - sucessful watchlist 5 get request for user: abigailwattx
20:14:02 intersecter.services.scraper - DEBUG - sucessful watchlist 1 get request for user: childrenofmen
20:14:02 intersecter.services.scraper - DEBUG - sucessful watchlist 1 get request for user: jonathanfujii
20:14:02 intersecter.services.scraper - DEBUG - sucessful watchlist 6 get request for user: abigailwattx
20:14:02 intersecter.services.scraper - DEBUG - sucessful watchlist 1 get request for user: willhunting
20:14:02 intersecter.services.scraper - DEBUG - sucessful watchlist 5 get request for user: childrenofmen
20:14:02 intersecter.services.scraper - DEBUG - sucessful watchlist 4 get request for user: childrenofmen
20:14:02 intersecter.services.scraper - DEBUG - sucessful watchlist 1 get request for user: sophiedarcy
20:14:02 intersecter.services.scraper - DEBUG - sucessful watchlist 6 get request for user: childrenofmen
20:14:02 intersecter.services.scraper - DEBUG - sucessful watchlist 3 get request for user: sophiedarcy
20:14:02 intersecter.services.scraper - DEBUG - sucessful watchlist 8 get request for user: abigailwattx
20:14:02 intersecter.services.scraper - DEBUG - sucessful watchlist 2 get request for user: jonathanfujii
20:14:02 intersecter.services.scraper - DEBUG - sucessful watchlist 4 get request for user: sophiedarcy
20:14:02 intersecter.services.scraper - DEBUG - sucessful watchlist 4 get request for user: jonathanfujii
20:14:02 intersecter.services.scraper - DEBUG - sucessful watchlist 7 get request for user: abigailwattx
20:14:02 intersecter.services.scraper - DEBUG - sucessful watchlist 5 get request for user: sophiedarcy
20:14:02 intersecter.services.scraper - DEBUG - sucessful watchlist 3 get request for user: childrenofmen
20:14:02 intersecter.services.scraper - DEBUG - sucessful watchlist 5 get request for user: jonathanfujii
20:14:02 intersecter.services.scraper - DEBUG - sucessful watchlist 3 get request for user: jonathanfujii
20:14:02 intersecter.services.scraper - DEBUG - sucessful watchlist 9 get request for user: abigailwattx
20:14:02 intersecter.services.scraper - DEBUG - sucessful watchlist 5 get request for user: willhunting
20:14:02 intersecter.services.scraper - DEBUG - sucessful watchlist 4 get request for user: willhunting
20:14:02 intersecter.services.scraper - DEBUG - sucessful watchlist 10 get request for user: abigailwattx
20:14:02 intersecter.services.scraper - DEBUG - sucessful watchlist 6 get request for user: sophiedarcy
20:14:02 intersecter.services.scraper - DEBUG - sucessful watchlist 7 get request for user: childrenofmen
20:14:02 intersecter.services.scraper - DEBUG - sucessful watchlist 11 get request for user: abigailwattx
20:14:02 intersecter.services.scraper - DEBUG - sucessful watchlist 6 get request for user: jonathanfujii
20:14:02 intersecter.services.scraper - DEBUG - sucessful watchlist 6 get request for user: willhunting
20:14:02 intersecter.services.scraper - DEBUG - sucessful watchlist 8 get request for user: childrenofmen
20:14:02 intersecter.services.scraper - DEBUG - sucessful watchlist 3 get request for user: willhunting
20:14:02 intersecter.services.scraper - DEBUG - sucessful watchlist 7 get request for user: sophiedarcy
20:14:02 intersecter.services.scraper - DEBUG - sucessful watchlist 9 get request for user: sophiedarcy
20:14:02 intersecter.services.scraper - DEBUG - sucessful watchlist 10 get request for user: childrenofmen
20:14:02 intersecter.services.scraper - DEBUG - sucessful watchlist 2 get request for user: willhunting
20:14:02 intersecter.services.scraper - DEBUG - sucessful watchlist 10 get request for user: sophiedarcy
20:14:02 intersecter.services.scraper - DEBUG - sucessful watchlist 9 get request for user: willhunting
20:14:02 intersecter.services.scraper - DEBUG - sucessful watchlist 12 get request for user: childrenofmen
20:14:02 intersecter.services.scraper - DEBUG - sucessful watchlist 11 get request for user: sophiedarcy
20:14:02 intersecter.services.scraper - DEBUG - sucessful watchlist 8 get request for user: jonathanfujii
20:14:02 intersecter.services.scraper - DEBUG - sucessful watchlist 7 get request for user: jonathanfujii
20:14:02 intersecter.services.scraper - DEBUG - sucessful watchlist 9 get request for user: jonathanfujii
20:14:02 intersecter.services.scraper - DEBUG - sucessful watchlist 10 get request for user: jonathanfujii
20:14:02 intersecter.services.scraper - DEBUG - sucessful watchlist 8 get request for user: willhunting
20:14:02 intersecter.services.scraper - DEBUG - sucessful watchlist 8 get request for user: sophiedarcy
20:14:02 intersecter.services.scraper - DEBUG - sucessful watchlist 9 get request for user: childrenofmen
20:14:02 intersecter.services.scraper - DEBUG - sucessful watchlist 11 get request for user: childrenofmen
20:14:02 intersecter.services.scraper - DEBUG - sucessful watchlist 7 get request for user: willhunting
20:14:02 intersecter.services.scraper - DEBUG - sucessful watchlist 11 get request for user: jonathanfujii
20:14:02 intersecter.services.scraper - DEBUG - sucessful watchlist 13 get request for user: childrenofmen
20:14:02 intersecter.services.scraper - DEBUG - sucessful watchlist 10 get request for user: willhunting
20:14:02 intersecter.services.scraper - DEBUG - sucessful watchlist 12 get request for user: sophiedarcy
20:14:02 intersecter.services.scraper - DEBUG - sucessful watchlist 14 get request for user: childrenofmen
20:14:02 intersecter.services.scraper - DEBUG - sucessful watchlist 14 get request for user: sophiedarcy
20:14:02 intersecter.services.scraper - DEBUG - sucessful watchlist 12 get request for user: willhunting
20:14:02 intersecter.services.scraper - DEBUG - sucessful watchlist 12 get request for user: jonathanfujii
20:14:02 intersecter.services.scraper - DEBUG - sucessful watchlist 15 get request for user: childrenofmen
20:14:02 intersecter.services.scraper - DEBUG - sucessful watchlist 14 get request for user: jonathanfujii
20:14:02 intersecter.services.scraper - DEBUG - sucessful watchlist 15 get request for user: sophiedarcy
20:14:02 intersecter.services.scraper - DEBUG - sucessful watchlist 17 get request for user: childrenofmen
20:14:02 intersecter.services.scraper - DEBUG - sucessful watchlist 13 get request for user: jonathanfujii
20:14:02 intersecter.services.scraper - DEBUG - sucessful watchlist 16 get request for user: sophiedarcy
20:14:02 intersecter.services.scraper - DEBUG - sucessful watchlist 16 get request for user: childrenofmen
20:14:02 intersecter.services.scraper - DEBUG - sucessful watchlist 13 get request for user: willhunting
20:14:02 intersecter.services.scraper - DEBUG - sucessful watchlist 15 get request for user: jonathanfujii
20:14:02 intersecter.services.scraper - DEBUG - sucessful watchlist 11 get request for user: willhunting
20:14:02 intersecter.services.scraper - DEBUG - sucessful watchlist 14 get request for user: willhunting
20:14:02 intersecter.services.scraper - DEBUG - sucessful watchlist 15 get request for user: willhunting
20:14:02 intersecter.services.scraper - DEBUG - sucessful watchlist 18 get request for user: sophiedarcy
20:14:02 intersecter.services.scraper - DEBUG - sucessful watchlist 17 get request for user: sophiedarcy
20:14:02 intersecter.services.scraper - DEBUG - sucessful watchlist 13 get request for user: sophiedarcy
20:14:02 intersecter.services.scraper - DEBUG - sucessful watchlist 19 get request for user: childrenofmen
20:14:02 intersecter.services.scraper - DEBUG - sucessful watchlist 21 get request for user: childrenofmen
20:14:02 intersecter.services.scraper - DEBUG - sucessful watchlist 18 get request for user: childrenofmen
20:14:02 intersecter.services.scraper - DEBUG - sucessful watchlist 19 get request for user: sophiedarcy
20:14:02 intersecter.services.scraper - DEBUG - sucessful watchlist 22 get request for user: childrenofmen
20:14:02 intersecter.services.scraper - DEBUG - sucessful watchlist 20 get request for user: childrenofmen
20:14:02 intersecter.services.scraper - DEBUG - sucessful watchlist 20 get request for user: sophiedarcy
20:14:02 intersecter.services.scraper - DEBUG - sucessful watchlist 21 get request for user: sophiedarcy
20:14:02 intersecter.services.scraper - DEBUG - sucessful watchlist 23 get request for user: childrenofmen
20:14:02 intersecter.services.scraper - DEBUG - sucessful watchlist 24 get request for user: childrenofmen
20:14:02 intersecter.services.scraper - DEBUG - sucessful watchlist 23 get request for user: sophiedarcy
20:14:02 intersecter.services.scraper - DEBUG - sucessful watchlist 22 get request for user: sophiedarcy
20:14:02 intersecter.services.scraper - DEBUG - sucessful watchlist 24 get request for user: sophiedarcy
20:14:02 intersecter.services.scraper - DEBUG - sucessful watchlist 25 get request for user: childrenofmen
20:14:02 intersecter.services.scraper - DEBUG - sucessful watchlist 26 get request for user: childrenofmen
20:14:02 intersecter.services.scraper - DEBUG - sucessful watchlist 27 get request for user: childrenofmen
20:14:02 intersecter.services.scraper - DEBUG - sucessful watchlist 31 get request for user: childrenofmen
20:14:02 intersecter.services.scraper - DEBUG - sucessful watchlist 32 get request for user: childrenofmen
20:14:02 intersecter.services.scraper - DEBUG - sucessful watchlist 28 get request for user: childrenofmen
20:14:02 intersecter.services.scraper - DEBUG - sucessful watchlist 30 get request for user: childrenofmen
20:14:02 intersecter.services.scraper - DEBUG - sucessful watchlist 29 get request for user: childrenofmen
20:14:02 intersecter.services.scraper - DEBUG - sucessful watchlist 33 get request for user: childrenofmen
20:14:02 intersecter.services.scraper - DEBUG - sucessful watchlist 0 get request for user: ceryslovesfilm
20:14:02 intersecter.services.scraper - DEBUG - sucessful watchlist 0 get request for user: brat
20:14:02 intersecter.services.scraper - DEBUG - sucessful watchlist 0 get request for user: henryspencerirl
20:14:02 intersecter.services.scraper - DEBUG - sucessful watchlist 0 get request for user: will_sloan
20:14:02 intersecter.services.scraper - DEBUG - sucessful watchlist 0 get request for user: moviesrtherapy
20:14:02 intersecter.services.scraper - DEBUG - sucessful watchlist 2 get request for user: ceryslovesfilm
20:14:02 intersecter.services.scraper - DEBUG - sucessful watchlist 2 get request for user: brat
20:14:02 intersecter.services.scraper - DEBUG - sucessful watchlist 1 get request for user: ceryslovesfilm
20:14:02 intersecter.services.scraper - DEBUG - sucessful watchlist 1 get request for user: brat
20:14:02 intersecter.services.scraper - DEBUG - sucessful watchlist 3 get request for user: ceryslovesfilm
20:14:02 intersecter.services.scraper - DEBUG - sucessful watchlist 4 get request for user: ceryslovesfilm
20:14:02 intersecter.services.scraper - DEBUG - sucessful watchlist 1 get request for user: henryspencerirl
20:14:02 intersecter.services.scraper - DEBUG - sucessful watchlist 5 get request for user: brat
20:14:02 intersecter.services.scraper - DEBUG - sucessful watchlist 5 get request for user: ceryslovesfilm
20:14:02 intersecter.services.scraper - DEBUG - sucessful watchlist 1 get request for user: will_sloan
20:14:02 intersecter.services.scraper - DEBUG - sucessful watchlist 1 get request for user: moviesrtherapy
20:14:02 intersecter.services.scraper - DEBUG - sucessful watchlist 2 get request for user: henryspencerirl
20:14:02 intersecter.services.scraper - DEBUG - sucessful watchlist 2 get request for user: will_sloan
20:14:02 intersecter.services.scraper - DEBUG - sucessful watchlist 4 get request for user: henryspencerirl
20:14:02 intersecter.services.scraper - DEBUG - sucessful watchlist 3 get request for user: henryspencerirl
20:14:02 intersecter.services.scraper - DEBUG - sucessful watchlist 5 get request for user: henryspencerirl
20:14:02 intersecter.services.scraper - DEBUG - sucessful watchlist 4 get request for user: will_sloan
20:14:02 intersecter.services.scraper - DEBUG - sucessful watchlist 3 get request for user: will_sloan
20:14:02 intersecter.services.scraper - DEBUG - sucessful watchlist 3 get request for user: moviesrtherapy
20:14:02 intersecter.services.scraper - DEBUG - sucessful watchlist 2 get request for user: moviesrtherapy
20:14:02 intersecter.services.scraper - DEBUG - sucessful watchlist 5 get request for user: will_sloan
20:14:02 intersecter.services.scraper - DEBUG - sucessful watchlist 7 get request for user: ceryslovesfilm
20:14:02 intersecter.services.scraper - DEBUG - sucessful watchlist 6 get request for user: ceryslovesfilm
20:14:02 intersecter.services.scraper - DEBUG - sucessful watchlist 3 get request for user: brat
20:14:02 intersecter.services.scraper - DEBUG - sucessful watchlist 6 get request for user: brat
20:14:02 intersecter.services.scraper - DEBUG - sucessful watchlist 7 get request for user: brat
20:14:02 intersecter.services.scraper - DEBUG - sucessful watchlist 4 get request for user: brat
20:14:02 intersecter.services.scraper - DEBUG - sucessful watchlist 8 get request for user: ceryslovesfilm
20:14:02 intersecter.services.scraper - DEBUG - sucessful watchlist 9 get request for user: ceryslovesfilm
20:14:02 intersecter.services.scraper - DEBUG - sucessful watchlist 6 get request for user: henryspencerirl
20:14:02 intersecter.services.scraper - DEBUG - sucessful watchlist 5 get request for user: moviesrtherapy
20:14:02 intersecter.services.scraper - DEBUG - sucessful watchlist 8 get request for user: brat
20:14:02 intersecter.services.scraper - DEBUG - sucessful watchlist 4 get request for user: moviesrtherapy
20:14:02 intersecter.services.scraper - DEBUG - sucessful watchlist 6 get request for user: will_sloan
20:14:02 intersecter.services.scraper - DEBUG - sucessful watchlist 6 get request for user: moviesrtherapy
20:14:02 intersecter.services.scraper - DEBUG - sucessful watchlist 7 get request for user: henryspencerirl
20:14:02 intersecter.services.scraper - DEBUG - sucessful watchlist 7 get request for user: will_sloan
20:14:02 intersecter.services.scraper - DEBUG - sucessful watchlist 10 get request for user: henryspencerirl
20:14:02 intersecter.services.scraper - DEBUG - sucessful watchlist 8 get request for user: henryspencerirl
20:14:02 intersecter.services.scraper - DEBUG - sucessful watchlist 10 get request for user: ceryslovesfilm
20:14:02 intersecter.services.scraper - DEBUG - sucessful watchlist 9 get request for user: henryspencerirl
20:14:02 intersecter.services.scraper - DEBUG - sucessful watchlist 7 get request for user: moviesrtherapy
20:14:02 intersecter.services.scraper - DEBUG - sucessful watchlist 8 get request for user: will_sloan
20:14:02 intersecter.services.scraper - DEBUG - sucessful watchlist 9 get request for user: will_sloan
20:14:02 intersecter.services.scraper - DEBUG - sucessful watchlist 8 get request for user: moviesrtherapy
20:14:02 intersecter.services.scraper - DEBUG - sucessful watchlist 10 get request for user: will_sloan
20:14:02 intersecter.services.scraper - DEBUG - sucessful watchlist 11 get request for user: ceryslovesfilm
20:14:02 intersecter.services.scraper - DEBUG - sucessful watchlist 12 get request for user: ceryslovesfilm
20:14:02 intersecter.services.scraper - DEBUG - sucessful watchlist 9 get request for user: brat
20:14:02 intersecter.services.scraper - DEBUG - sucessful watchlist 10 get request for user: brat
20:14:02 intersecter.services.scraper - DEBUG - sucessful watchlist 12 get request for user: brat
20:14:02 intersecter.services.scraper - DEBUG - sucessful watchlist 13 get request for user: ceryslovesfilm
20:14:02 intersecter.services.scraper - DEBUG - sucessful watchlist 14 get request for user: ceryslovesfilm
20:14:02 intersecter.services.scraper - DEBUG - sucessful watchlist 11 get request for user: brat
20:14:02 intersecter.services.scraper - DEBUG - sucessful watchlist 15 get request for user: henryspencerirl
20:14:02 intersecter.services.scraper - DEBUG - sucessful watchlist 12 get request for user: henryspencerirl
20:14:02 intersecter.services.scraper - DEBUG - sucessful watchlist 15 get request for user: brat
20:14:02 intersecter.services.scraper - DEBUG - sucessful watchlist 12 get request for user: will_sloan
20:14:02 intersecter.services.scraper - DEBUG - sucessful watchlist 13 get request for user: brat
20:14:02 intersecter.services.scraper - DEBUG - sucessful watchlist 13 get request for user: moviesrtherapy
20:14:02 intersecter.services.scraper - DEBUG - sucessful watchlist 14 get request for user: henryspencerirl
20:14:02 intersecter.services.scraper - DEBUG - sucessful watchlist 14 get request for user: will_sloan
20:14:02 intersecter.services.scraper - DEBUG - sucessful watchlist 13 get request for user: will_sloan
20:14:02 intersecter.services.scraper - DEBUG - sucessful watchlist 15 get request for user: will_sloan
20:14:02 intersecter.services.scraper - DEBUG - sucessful watchlist 11 get request for user: will_sloan
20:14:02 intersecter.services.scraper - DEBUG - sucessful watchlist 14 get request for user: brat
20:14:02 intersecter.services.scraper - DEBUG - sucessful watchlist 10 get request for user: moviesrtherapy
20:14:02 intersecter.services.scraper - DEBUG - sucessful watchlist 11 get request for user: henryspencerirl
20:14:02 intersecter.services.scraper - DEBUG - sucessful watchlist 11 get request for user: moviesrtherapy
20:14:02 intersecter.services.scraper - DEBUG - sucessful watchlist 12 get request for user: moviesrtherapy
20:14:02 intersecter.services.scraper - DEBUG - sucessful watchlist 13 get request for user: henryspencerirl
20:14:02 intersecter.services.scraper - DEBUG - sucessful watchlist 9 get request for user: moviesrtherapy
20:14:02 intersecter.services.scraper - DEBUG - sucessful watchlist 16 get request for user: henryspencerirl
20:14:02 intersecter.services.scraper - DEBUG - sucessful watchlist 17 get request for user: henryspencerirl
20:14:02 intersecter.services.scraper - DEBUG - sucessful watchlist 17 get request for user: will_sloan
20:14:02 intersecter.services.scraper - DEBUG - sucessful watchlist 16 get request for user: moviesrtherapy
20:14:02 intersecter.services.scraper - DEBUG - sucessful watchlist 15 get request for user: moviesrtherapy
20:14:02 intersecter.services.scraper - DEBUG - sucessful watchlist 20 get request for user: will_sloan
20:14:02 intersecter.services.scraper - DEBUG - sucessful watchlist 19 get request for user: will_sloan
20:14:02 intersecter.services.scraper - DEBUG - sucessful watchlist 16 get request for user: will_sloan
20:14:02 intersecter.services.scraper - DEBUG - sucessful watchlist 14 get request for user: moviesrtherapy
20:14:02 intersecter.services.scraper - DEBUG - sucessful watchlist 18 get request for user: will_sloan
20:14:02 intersecter.services.scraper - DEBUG - sucessful watchlist 17 get request for user: moviesrtherapy
20:14:02 intersecter.services.scraper - DEBUG - sucessful watchlist 19 get request for user: moviesrtherapy
20:14:02 intersecter.services.scraper - DEBUG - sucessful watchlist 20 get request for user: moviesrtherapy
20:14:02 intersecter.services.scraper - DEBUG - sucessful watchlist 18 get request for user: moviesrtherapy
20:14:02 intersecter.services.scraper - DEBUG - sucessful watchlist 21 get request for user: will_sloan
20:14:02 intersecter.services.scraper - DEBUG - sucessful watchlist 22 get request for user: will_sloan
20:14:02 intersecter.services.scraper - DEBUG - sucessful watchlist 24 get request for user: will_sloan
20:14:02 intersecter.services.scraper - DEBUG - sucessful watchlist 23 get request for user: will_sloan
20:14:02 intersecter.services.scraper - DEBUG - sucessful watchlist 26 get request for user: will_sloan
20:14:02 intersecter.services.scraper - DEBUG - sucessful watchlist 27 get request for user: will_sloan
20:14:02 intersecter.services.scraper - DEBUG - sucessful watchlist 28 get request for user: will_sloan
20:14:02 intersecter.services.scraper - DEBUG - sucessful watchlist 25 get request for user: will_sloan
20:14:02 intersecter.services.scraper - DEBUG - sucessful watchlist 29 get request for user: will_sloan
20:14:02 intersecter.services.scraper - DEBUG - sucessful watchlist 31 get request for user: will_sloan
20:14:02 intersecter.services.scraper - DEBUG - sucessful watchlist 32 get request for user: will_sloan
20:14:02 intersecter.services.scraper - DEBUG - sucessful watchlist 30 get request for user: will_sloan
